gender,date_of_birth,time_of_birth,first_name,middle_name,last_name
Male,2024-09-27,01:20 PM,Donald,Adam,Brown
Male,2028-04-05,04:23 AM,Antonio,Adrian,Rivera
Female,2024-10-25,08:55 PM,Diana,Sarah,Sanchez
Male,2027-06-18,09:20 PM,Jeffrey,John,Buck
Female,2026-06-24,01:43 PM,Mary,Donna,Norman
Male,2032-06-08,02:56 PM,Trevor,Timothy,Walker
Female,2035-04-07,04:38 PM,Crystal,Ashlee,Arias
Female,2026-01-18,11:37 PM,Morgan,Robin,Newton
Female,2021-01-08,02:21 AM,Andrea, ,Higgins
Female,2027-10-31,12:00 AM,Taylor,Karen,Hart
Male,2031-09-19,01:38 PM,Ricky,David,Hart
Female,2032-01-24,04:22 AM,Tara,Rebecca,Cooper
Female,2037-01-08,09:40 PM,Shelly, ,Cunningham
Female,2025-12-19,08:34 PM,Cristina,Maria,Mcgee
Male,2026-12-15,05:49 AM,Jack, ,Smith
Male,2034-08-16,12:33 AM,Ryan, ,Wilson
Female,2028-11-16,08:41 PM,Dawn,Samantha,Tucker
Female,2039-12-16,12:59 AM,Kimberly,Michelle,Wood
Male,2028-06-09,09:40 PM,Tanner,Michael,Wood
Female,2035-07-17,06:45 PM,Pam,Traci,Hicks
Female,2023-12-02,05:39 AM,Mary,Sandra,Dyer
Male,2034-02-25,11:35 PM,Timothy, ,Williams
Female,2035-08-08,12:18 AM,Patricia,Anita,Gonzalez
Male,2032-06-06,10:47 AM,Daniel,Joseph,Rose
Female,2027-02-23,01:32 AM,Jennifer,Brittany,Mora
Female,2033-08-01,02:02 PM,Jamie,Tammy,Vaughn
Male,2031-06-10,10:00 PM,David,Michael,Norman
Male,2036-06-20,04:25 PM,Peter,James,Beltran
Male,2030-07-24,02:57 AM,James,James,Alvarez
Female,2038-07-26,12:28 PM,Laura,Hannah,Howard
Female,2034-10-31,06:47 AM,Tammy,Sylvia,Noble
Female,2037-08-24,08:44 AM,Carol,Kara,Walters
Male,2036-06-12,08:55 AM,Adam,Andrew,Miller
Female,2022-08-25,09:25 PM,Robyn, ,Moore
Female,2036-05-03,04:12 AM,Melissa,Laura,Becker
Female,2036-08-10,03:07 AM,Sheri,Ashley,Morrison
Female,2026-10-04,06:02 AM,Tanya,Emma,Edwards
Male,2030-02-20,10:55 PM,Daniel,Dylan,Higgins
Male,2034-07-30,10:18 AM,Stephen,Anthony,Lutz
Male,2035-01-31,03:35 AM,Michael,Michael,Ramirez
Male,2039-03-10,11:24 AM,Zachary,James,Garcia
Male,2035-11-24,01:28 PM,Juan,Andrew,Sherman
Male,2036-10-02,11:54 AM,Noah,Kenneth,Walsh
Female,2024-08-14,01:41 AM,Sandra,Lisa,Myers
Male,2028-06-06,01:55 AM,Isaiah, ,Mcgee
Female,2038-11-29,11:49 AM,Angela,Dana,Peterson
Female,2037-02-24,06:58 AM,Michelle,Jill,Brown
Female,2036-02-21,07:38 AM,Michelle,Lindsey,Harris
Female,2024-08-26,05:04 AM,Linda,Brenda,Carrillo
Male,2038-09-27,11:41 AM,Stephen,Kevin,Cruz
Female,2031-02-07,01:05 AM,Stephanie,Jean,Blake
Female,2020-08-26,07:32 AM,Donna,Andrea,Rodriguez
Male,2031-03-01,08:09 AM,William,Michael,Alvarez
Female,2032-09-21,06:09 PM,Tiffany,Teresa,Webb
Male,2035-10-10,05:46 PM,Timothy, ,Le
Male,2035-03-15,07:37 AM,Randy,Joseph,Wilson
Male,2030-10-25,07:37 AM,Corey,Walter,Brooks
Female,2023-03-09,05:30 AM,Denise,Carrie,Davis
Male,2024-03-15,03:07 PM,Keith,Brian,Arias
Female,2034-05-31,08:04 PM,Diana,Valerie,Carson
Female,2021-05-30,08:45 AM,Heather,Crystal,Reed
Female,2024-08-27,01:35 AM,Christina,Jasmine,Sherman
Male,2023-05-09,07:26 PM,Bradley,Robert,Ryan
Male,2030-12-03,11:25 AM,Matthew,Jonathan,Johnson
Female,2022-08-30,03:35 PM,Sheila, ,Castillo
Female,2027-03-11,09:31 PM,Helen,Terry,Larson
Male,2022-10-25,08:36 AM,Michael, ,Davis
Female,2035-02-11,06:55 AM,Mary,Kimberly,Tucker
Female,2036-05-09,12:08 PM,Laura, ,Wright
Female,2026-05-08,03:01 PM,Mercedes,Kathleen,Fields
Male,2023-10-13,09:22 PM,Ryan,Colton,Sparks
Male,2027-11-07,06:26 PM,Erik,Daniel,Spencer
Female,2025-09-09,02:16 AM,Donna,Kirsten,Collins
Female,2031-12-25,03:48 AM,Amy,Krista,Mitchell
Male,2032-03-08,08:23 AM,Nicholas,Louis,Taylor
Male,2028-04-28,04:14 PM,Joseph, ,Frank
Male,2031-08-04,08:43 AM,Wayne,Jon,Bartlett
Male,2035-07-10,04:20 AM,Timothy,Sean,Chavez
Female,2033-06-30,10:38 PM,Cindy, ,Sparks
Female,2025-08-07,04:47 PM,Gabrielle,Emily,Evans
Female,2035-05-18,04:41 PM,Tracy,Connie,Carter
Male,2035-11-12,03:42 AM,James,Tristan,Callahan
Male,2034-07-05,02:12 AM,Jason,Roger,Stephens
Male,2020-09-23,04:06 PM,Mark, ,Hayes
Female,2021-02-01,04:42 AM,Brittany,Casey,Berry
Female,2031-03-16,06:59 AM,Tracie,Amy,Washington
Female,2037-02-18,02:12 PM,Tiffany,Amanda,Griffith
Male,2029-08-22,08:27 PM,Brian,Mark,Collins
Female,2038-06-15,11:17 PM,Cynthia,Michelle,Reynolds
Male,2032-09-02,11:43 PM,Jeffrey, ,Orr
Male,2026-09-21,02:53 PM,Jason,Eric,Peterson
Male,2038-03-10,05:18 AM,Jason,Johnny,Blake
Female,2038-03-15,07:05 PM,Samantha,Monica,Garcia
Male,2026-08-07,11:25 PM,Richard,James,Moore
Male,2034-03-26,04:04 PM,Jesse, ,Sandoval
Male,2031-05-14,01:23 AM,Todd, ,Hartman
Female,2026-03-11,04:36 AM,Whitney,Sharon,Miller
Female,2038-08-28,04:36 AM,Laura, ,Diaz
Female,2021-02-25,03:38 AM,Brittany,Carol,Brown
Male,2020-12-22,09:55 AM,Matthew,Brendan,Ramirez
Female,2046-04-29,04:49 AM,Shannon,Vickie,Walters
Female,2042-05-29,12:00 PM,Deanna,Misty,Peterson
Male,2047-12-12,09:07 PM,Levi,Dean,Buck
Male,2045-07-16,11:57 PM,Daniel,Mark,Arias
Male,2050-04-29,01:52 AM,Kurt,Michael,Higgins
Female,2041-03-20,09:13 AM,Laurie, ,Higgins
Male,2048-03-22,10:48 AM,Edward, ,Hart
Male,2045-09-24,09:26 PM,Michael,Julian,Hart
Female,2059-02-11,10:38 AM,Amanda,Donna,Hart
Female,2046-10-26,06:01 AM,Bailey, ,Mcgee
Male,2053-03-13,12:44 PM,Michael, ,Mcgee
Female,2051-03-20,04:13 AM,Audrey,Sara,Higgins
Female,2046-12-11,09:51 AM,Danielle,Dawn,Wilson
Female,2050-05-04,04:23 PM,Ellen,Morgan,Tucker
Female,2059-01-07,01:03 PM,Melissa,Denise,Blake
Male,2040-11-14,04:09 PM,Richard,Jeffrey,Williams
Female,2041-07-16,12:24 AM,Carmen, ,Williams
Female,2050-05-15,05:23 PM,Mary,Michelle,Gonzalez
Male,2053-02-09,11:51 PM,Jonathan,Stephen,Alvarez
Female,2051-03-14,04:06 PM,Jessica,Becky,Walters
Female,2052-10-22,01:01 PM,Tammy,Rachel,Alvarez
Male,2049-01-22,12:04 PM,Sean,Jeffery,Walters
Male,2052-06-28,07:59 AM,Dalton,Mark,Walters
Female,2060-04-02,10:16 PM,Nancy,Courtney,Garcia
Female,2051-02-23,11:56 PM,Jennifer,Catherine,Hart
Male,2040-04-13,12:18 PM,Maxwell,Adrian,Sherman
Male,2054-12-11,02:23 PM,David,Mark,Peterson
Female,2060-06-04,05:59 PM,Cathy,Samantha,Peterson
Female,2052-02-04,08:23 AM,Margaret,Hannah,Carrillo
Male,2045-10-25,01:25 AM,Travis,David,Blake
Male,2055-07-24,05:58 PM,Brandon,Matthew,Blake
Female,2046-11-05,10:57 PM,Shelley,Melanie,Ryan
Female,2048-02-20,03:14 AM,Sarah, ,Ryan
Female,2041-09-22,10:51 PM,Teresa, ,Ryan
Female,2043-07-29,01:48 AM,Nicole, ,Blake
Male,2048-05-18,06:59 AM,Tyler,Mark,Sparks
Female,2078-08-24,02:29 AM,Kelsey,Paula,Walters
Male,2073-11-21,12:29 PM,Christian, ,Peterson
Nonbinary,2066-09-09,06:11 AM,Christina,Kendra,Higgins
Female,2068-07-08,02:05 PM,Elizabeth,Pamela,Hart
Female,2078-08-14,02:26 PM,Sarah,Nicole,Peterson
Male,2074-04-02,12:13 PM,Scott,Richard,Walters
Male,2060-04-07,02:19 PM,Jeremy,Gregory,Walters
Female,2077-05-29,04:17 PM,Jessica,Sarah,Walters
Female,2078-07-13,04:57 AM,Cynthia,Erica,Blake
Female,2063-07-25,08:15 PM,Megan,Rebecca,Blake
Male,2063-08-29,01:18 PM,Anthony,Bryan,Blake
Female,2078-10-27,07:47 PM,Anna,Stephanie,Blake
Female,2063-11-10,12:10 AM,Mary,Sabrina,Blake
Male,2084-09-28,02:32 AM,Paul, ,Peterson
Female,2081-04-02,07:27 AM,Karen,Nancy,Blake
Female,2082-06-27,09:51 AM,Jessica, ,Blake
