gender,date_of_birth,time_of_birth,first_name,middle_name,last_name,parents
Male,2024-09-27,01:20 PM,Donald,Adam,Brown,[]
Male,2028-04-05,04:23 AM,Antonio,Adrian,Rivera,[]
Female,2024-10-25,08:55 PM,Diana,Sarah,Sanchez,[]
Male,2027-06-18,09:20 PM,Jeffrey,John,Buck,[]
Female,2026-06-24,01:43 PM,Mary,Donna,Berry,[]
Male,2032-06-08,02:56 PM,Trevor,Timothy,Walker,[]
Female,2035-04-07,04:38 PM,Crystal,Ashlee,Boyer,[]
Female,2026-01-18,11:37 PM,Morgan,Robin,Spencer,[]
Female,2021-01-08,02:21 AM,Andrea,,Garcia,[]
Female,2027-10-31,12:00 AM,Taylor,Karen,Ross,[]
Male,2031-09-19,01:38 PM,Ricky,David,Hart,[]
Female,2032-01-24,04:22 AM,Tara,Rebecca,Cooper,[]
Male,2038-09-27,11:41 AM,Stephen,Kevin,Cruz,[]
Female,2025-12-19,08:34 PM,Cristina,Maria,Sanford,[]
Male,2026-12-15,05:49 AM,Jack,,Smith,[]
Male,2034-08-16,12:33 AM,Ryan,,Wilson,[]
Female,2028-11-16,08:41 PM,Dawn,Samantha,Hall,[]
Female,2039-12-16,12:59 AM,Kimberly,Michelle,Rice,[]
Male,2028-06-09,09:40 PM,Tanner,Michael,Wood,[]
Female,2035-07-17,06:45 PM,Pam,Traci,Hicks,[]
Female,2023-12-02,05:39 AM,Mary,Sandra,Gardner,[]
Male,2034-02-25,11:35 PM,Timothy,,Williams,[]
Female,2035-08-08,12:18 AM,Patricia,Anita,Rose,[]
Male,2032-06-06,10:47 AM,Daniel,Joseph,Rose,[]
Female,2027-02-23,01:32 AM,Jennifer,Brittany,Mora,[]
Female,2033-08-01,02:02 PM,Jamie,Tammy,Vaughn,[]
Male,2031-06-10,10:00 PM,David,Michael,Norman,[]
Male,2036-06-20,04:25 PM,Peter,James,Beltran,[]
Male,2030-07-24,02:57 AM,James,James,Reed,[]
Female,2038-07-26,12:28 PM,Laura,Hannah,Miller,[]
Female,2034-10-31,06:47 AM,Tammy,Sylvia,Noble,[]
Female,2037-08-24,08:44 AM,Carol,Kara,Butler,[]
Male,2036-06-12,08:55 AM,Adam,Andrew,Miller,[]
Female,2022-08-25,09:25 PM,Robyn,,Ramirez,[]
Female,2036-05-03,04:12 AM,Melissa,Laura,Lucas,[]
Female,2036-08-10,03:07 AM,Sheri,Ashley,Morrison,[]
Female,2026-10-04,06:02 AM,Tanya,Emma,Edwards,[]
Male,2030-02-20,10:55 PM,Daniel,Dylan,Higgins,[]
Male,2034-07-30,10:18 AM,Stephen,Anthony,Smith,[]
Male,2035-01-31,03:35 AM,Michael,Michael,Ramirez,[]
Male,2117-07-28,01:02 PM,Daniel,,Wood,"[P5aec, Pefea]"
Male,2035-11-24,01:28 PM,Juan,Andrew,Sherman,[]
Male,2036-10-02,11:54 AM,Noah,Kenneth,Walsh,[]
Female,2024-08-14,01:41 AM,Sandra,Lisa,Myers,[]
Male,2028-06-06,01:55 AM,Isaiah,,Mcgee,[]
Female,2038-11-29,11:49 AM,Angela,Dana,Hall,[]
Female,2037-02-24,06:58 AM,Michelle,Jill,Smith,[]
Female,2036-02-21,07:38 AM,Michelle,Lindsey,Mcdaniel,[]
Female,2024-08-26,05:04 AM,Linda,Brenda,Carrillo,[]
Female,2031-02-07,01:05 AM,Stephanie,Jean,Robinson,[]
Female,2020-08-26,07:32 AM,Donna,Andrea,Rodriguez,[]
Male,2031-03-01,08:09 AM,William,Michael,Alvarez,[]
Female,2032-09-21,06:09 PM,Tiffany,Teresa,Webb,[]
Male,2035-10-10,05:46 PM,Timothy,,Le,[]
Male,2035-03-15,07:37 AM,Randy,Joseph,Griffin,[]
Male,2030-10-25,07:37 AM,Corey,Walter,Brooks,[]
Female,2023-03-09,05:30 AM,Denise,Carrie,Davis,[]
Male,2024-03-15,03:07 PM,Keith,Brian,Arias,[]
Female,2034-05-31,08:04 PM,Diana,Valerie,Carson,[]
Female,2021-05-30,08:45 AM,Heather,Crystal,Reed,[]
Female,2024-08-27,01:35 AM,Christina,Jasmine,Decker,[]
Male,2023-05-09,07:26 PM,Bradley,Robert,Ryan,[]
Male,2030-12-03,11:25 AM,Matthew,Jonathan,Johnson,[]
Female,2022-08-30,03:35 PM,Sheila,,Stephens,[]
Female,2027-03-11,09:31 PM,Helen,Terry,Larson,[]
Male,2022-10-25,08:36 AM,Michael,,Davis,[]
Female,2035-02-11,06:55 AM,Mary,Kimberly,Hamilton,[]
Female,2036-05-09,12:08 PM,Laura,,Gonzalez,[]
Female,2026-05-08,03:01 PM,Mercedes,Kathleen,Fields,[]
Male,2023-10-13,09:22 PM,Ryan,Colton,Sparks,[]
Male,2027-11-07,06:26 PM,Erik,Daniel,Spencer,[]
Female,2025-09-09,02:16 AM,Donna,Kirsten,Blake,[]
Female,2031-12-25,03:48 AM,Amy,Krista,Mitchell,[]
Male,2032-03-08,08:23 AM,Nicholas,Louis,Taylor,[]
Male,2028-04-28,04:14 PM,Joseph,,Frank,[]
Male,2031-08-04,08:43 AM,Wayne,Jon,Bartlett,[]
Male,2035-07-10,04:20 AM,Timothy,Sean,Chavez,[]
Female,2033-06-30,10:38 PM,Cindy,,Roberts,[]
Female,2025-08-07,04:47 PM,Gabrielle,Emily,Evans,[]
Female,2035-05-18,04:41 PM,Tracy,Connie,Wood,[]
Male,2035-11-12,03:42 AM,James,Tristan,Callahan,[]
Male,2034-07-05,02:12 AM,Jason,Roger,Stephens,[]
Male,2020-09-23,04:06 PM,Mark,,Hayes,[]
Female,2021-02-01,04:42 AM,Brittany,Casey,Berry,[]
Female,2031-03-16,06:59 AM,Tracie,Amy,Washington,[]
Female,2037-02-18,02:12 PM,Tiffany,Amanda,Moore,[]
Male,2029-08-22,08:27 PM,Brian,Mark,Collins,[]
Female,2038-06-15,11:17 PM,Cynthia,Michelle,Moore,[]
Male,2032-09-02,11:43 PM,Jeffrey,,Orr,[]
Male,2026-09-21,02:53 PM,Jason,Eric,Peterson,[]
Male,2038-03-10,05:18 AM,Jason,Johnny,Blake,[]
Female,2038-03-15,07:05 PM,Samantha,Monica,Page,[]
Male,2026-08-07,11:25 PM,Richard,James,Moore,[]
Male,2034-03-26,04:04 PM,Jesse,,Sandoval,[]
Male,2031-05-14,01:23 AM,Todd,,Hartman,[]
Female,2026-03-11,04:36 AM,Whitney,Sharon,Murray,[]
Female,2038-08-28,04:36 AM,Laura,,Jones,[]
Female,2021-02-25,03:38 AM,Brittany,Carol,Brown,[]
Male,2020-12-22,09:55 AM,Matthew,Brendan,Ramirez,[]
Male,2029-10-31,08:09 PM,Stephen,Robert,Hooper,[]
Female,2026-04-29,04:49 AM,Jessica,,Vincent,[]
Female,2024-11-02,08:12 AM,Jenny,Sara,Wood,[]
Female,2027-12-12,09:07 PM,Angelica,Lisa,Murphy,[]
Male,2034-05-13,11:05 PM,Aaron,Jacob,Johnson,[]
Female,2029-04-27,10:25 PM,Regina,Erica,Barry,[]
Male,2039-06-03,09:13 AM,Sean,Jeffrey,Gordon,[]
Female,2028-03-22,10:48 AM,Rachel,Gabrielle,Martin,[]
Female,2025-09-24,09:26 PM,Amanda,Melissa,Graham,[]
Female,2039-02-11,10:38 AM,Kelly,Amanda,Collins,[]
Male,2021-11-15,02:46 AM,David,Mark,Lee,[]
Female,2023-11-23,02:03 PM,Jessica,Melissa,Hobbs,[]
Male,2031-03-20,04:13 AM,Michael,,Smith,[]
Male,2029-08-12,07:28 PM,Kelly,Richard,Scott,[]
Male,2030-07-03,05:05 PM,Dale,Hunter,Hobbs,[]
Male,2022-08-30,10:45 PM,Ryan,Dakota,Kelly,[]
Female,2024-06-11,11:57 PM,Shannon,Allison,Barnes,[]
Female,2032-04-14,11:56 PM,Courtney,,Wallace,[]
Male,2031-11-29,05:22 AM,Bryan,David,Hall,[]
Female,2036-03-10,02:14 AM,Savannah,Kimberly,Rodriguez,[]
Male,2038-06-19,08:54 PM,Dominic,Peter,Christensen,[]
Female,2073-04-19,07:10 PM,Mary,Christy,Juarez,"[P96ea, P3202]"
Female,2022-04-06,12:50 AM,Danielle,,Simmons,[]
Female,2039-02-05,06:52 AM,Shirley,Katelyn,Wall,[]
Female,2023-10-21,05:01 PM,Jessica,Shelia,Sutton,[]
Male,2038-11-09,06:50 AM,Herbert,Matthew,Miller,[]
Female,2036-07-25,09:18 PM,Alexis,Amy,Long,[]
Female,2040-06-04,05:59 PM,Tiffany,,Gross,[]
Male,2021-11-20,10:12 AM,Robert,Thomas,Reed,[]
Female,2028-08-30,11:24 AM,Tammy,,Young,[]
Male,2035-07-24,05:58 PM,Brandon,Matthew,Rice,[]
Male,2036-12-06,10:57 PM,Robert,Jesse,Marks,[]
Male,2022-06-08,09:31 AM,Kyle,,Baxter,[]
Male,2021-09-22,10:51 PM,Richard,,Villarreal,[]
Male,2023-07-29,01:48 AM,Scott,Samuel,Harris,[]
Female,2040-02-25,12:40 AM,Ashley,Tina,West,[]
Female,2038-03-13,09:45 PM,Jennifer,Tina,Farrell,[]
Male,2026-11-24,05:05 PM,Eric,Donald,Ramos,[]
Female,2036-04-17,01:31 PM,Joann,Taylor,Hopkins,[]
Male,2036-09-21,07:18 PM,Zachary,Edgar,Martinez,[]
Female,2020-12-01,06:06 PM,Jessica,Autumn,Thomas,[]
Male,2022-01-12,11:34 AM,Zachary,Christopher,Smith,[]
Female,2032-10-25,08:09 PM,Kendra,Sharon,Anderson,[]
Female,2039-04-09,10:06 PM,Katherine,Tammy,Brennan,[]
Male,2037-07-19,09:34 AM,Jason,Daniel,Barry,[]
Female,2034-07-23,08:34 AM,Rachel,Crystal,Barton,[]
Female,2030-12-06,08:40 PM,Dana,,Ford,[]
Female,2030-07-17,04:56 PM,Mercedes,Ashley,Moore,[]
Male,2023-05-21,12:00 AM,Austin,,Ramirez,[]
Female,2038-04-03,03:35 PM,Veronica,Jillian,Harris,[]
Male,2036-09-20,05:20 PM,Manuel,William,Lawson,[]
Female,2035-11-03,01:49 PM,Jane,Elizabeth,Lambert,[]
Female,2033-04-24,10:20 PM,Elizabeth,,Gordon,[]
Male,2031-05-02,01:16 AM,Nathan,Jason,Martinez,[]
Male,2037-04-24,12:11 PM,Jordan,Dalton,Lester,[]
Female,2026-08-15,01:55 PM,Lauren,Victoria,Richardson,[]
Female,2036-11-05,08:58 AM,Laurie,Heather,Buchanan,[]
Female,2022-04-02,10:37 AM,Kimberly,,Gates,[]
Female,2030-09-09,03:32 AM,Connie,Jasmine,Benson,[]
Female,2033-04-19,08:16 AM,Valerie,Kayla,Marsh,[]
Male,2038-11-21,12:11 AM,Lucas,,Le,[]
Transgender,2039-08-09,09:29 AM,Christina,,Ryan,[]
Female,2031-11-23,05:00 PM,Elizabeth,Brenda,Baird,[]
Female,2035-10-07,04:44 PM,Courtney,Tammy,Mclean,[]
Male,2021-10-12,02:27 AM,Connor,Christopher,Roy,[]
Male,2031-03-12,11:53 PM,James,Joshua,Davis,[]
Female,2030-10-12,09:35 AM,Megan,Morgan,Espinoza,[]
Male,2021-07-31,09:47 AM,Gregory,,Anderson,[]
Male,2024-01-07,03:36 PM,Kent,Richard,Shaw,[]
Female,2024-11-14,10:55 AM,Andrea,Jennifer,Williams,[]
Male,2038-11-09,09:08 PM,Chad,Jason,Winters,[]
Male,2035-09-01,09:51 PM,John,,Owens,[]
Male,2035-12-02,12:31 AM,John,,Cantrell,[]
Male,2027-06-02,09:29 PM,Randy,Joseph,Martinez,[]
Female,2037-02-19,06:28 PM,Sarah,Jennifer,Bailey,[]
Male,2038-07-05,10:16 PM,Steven,William,Wood,[]
Male,2026-06-18,06:14 PM,Trevor,James,Levy,[]
Female,2038-06-12,06:05 PM,Hannah,Stephanie,Andrews,[]
Male,2040-10-24,05:37 PM,Jacob,Manuel,Hogan,[]
Male,2026-04-09,05:51 AM,Kyle,Raymond,Ruiz,[]
Male,2040-11-23,03:02 AM,Zachary,Bradley,Pacheco,[]
Female,2031-11-24,11:11 PM,Roberta,Karen,Valencia,[]
Female,2032-07-28,10:33 AM,Kathryn,,Dalton,[]
Female,2040-10-01,12:28 PM,Jamie,Kelly,Cervantes,[]
Male,2022-04-02,04:25 AM,Frank,Travis,Fuentes,[]
Male,2033-11-16,03:49 AM,Thomas,Rodney,Juarez,[]
Male,2022-09-17,06:04 PM,Michael,Eric,Hensley,[]
Female,2039-06-22,04:32 PM,Victoria,Jean,Hawkins,[]
Male,2031-07-25,11:58 PM,Mark,Gregory,Tate,[]
Female,2038-03-21,11:16 PM,Melissa,,Aguilar,[]
Male,2023-07-05,04:14 AM,Joel,Brandon,Baker,[]
Female,2024-10-22,10:52 AM,Emily,Sharon,Austin,[]
Male,2039-06-06,09:38 PM,Frank,Timothy,White,[]
Male,2032-02-02,05:16 AM,Ryan,Thomas,Avila,[]
Male,2029-03-02,01:26 PM,Jeffrey,Jeffrey,Sanders,[]
Female,2038-07-12,12:49 AM,Kristin,Alyssa,Cole,[]
Female,2038-06-12,11:34 AM,Victoria,Mary,Jennings,[]
Female,2030-01-27,11:17 PM,Mary,Ashley,Vasquez,[]
Male,2040-10-07,02:49 AM,Robert,Frank,Cervantes,[]
Female,2039-08-27,06:13 AM,Karen,Alicia,Scott,[]
Male,2032-11-03,12:10 AM,Chad,Brandon,Gutierrez,[]
Female,2023-12-13,10:53 AM,Anna,Karen,Ramirez,[]
Female,2023-05-28,05:32 AM,Kristin,Rachel,Carter,[]
Male,2020-10-08,07:26 PM,Michael,Jacob,Cruz,[]
Male,2035-03-01,04:18 PM,Ryan,Jeffery,Monroe,[]
Female,2034-03-03,01:59 AM,Amber,Sarah,Ellis,[]
Male,2030-01-15,06:16 AM,Carlos,Roy,Woodard,[]
Male,2024-10-27,08:53 PM,Joshua,Jeremy,Foley,[]
Female,2023-08-04,07:12 PM,Dawn,Alexis,Mcgee,[]
Male,2027-09-02,03:24 AM,Daniel,Joseph,Wells,[]
Female,2021-11-07,08:46 PM,Bailey,Cheryl,Walter,[]
Male,2024-12-15,01:31 AM,Robert,Christopher,Thomas,[]
Female,2034-11-03,12:35 PM,Lisa,Karen,Lee,[]
Female,2023-03-01,05:22 AM,Terri,Cindy,Mcdaniel,[]
Male,2026-05-06,09:10 AM,Zachary,Justin,Dalton,[]
Male,2020-05-01,06:48 AM,Mason,Cody,Murray,[]
Male,2021-01-08,12:54 PM,Nicholas,Christian,Bullock,[]
Male,2020-02-19,02:53 PM,Allen,John,Jones,[]
Female,2040-07-21,02:20 AM,Patricia,Wendy,Smith,[]
Male,2039-12-09,05:04 AM,Aaron,Richard,Miller,[]
Male,2021-03-12,07:12 PM,Wesley,Jeremy,Robinson,[]
Female,2034-08-12,04:38 PM,Dawn,,Sherman,[]
Male,2027-11-21,12:56 PM,Hayden,Adam,Brooks,[]
Female,2027-11-27,11:42 AM,Brianna,,Walter,[]
Male,2040-07-14,05:02 PM,Joshua,,Garcia,[]
Female,2034-07-20,08:54 PM,Rita,Laura,Holmes,[]
Transgender,2035-11-06,07:17 PM,Rachel,Carl,Davis,[]
Male,2023-01-17,01:08 AM,Danny,Grant,Perkins,[]
Female,2021-09-11,01:42 PM,Samantha,Kimberly,Potter,[]
Female,2032-06-19,09:12 PM,Rita,,Smith,[]
Male,2029-04-07,07:01 AM,Michael,Richard,Farrell,[]
Female,2035-02-16,11:32 AM,Ashley,,Roberts,[]
Male,2036-04-15,01:48 AM,Timothy,Marcus,Hines,[]
Male,2032-05-04,12:15 AM,Mason,Kevin,Carroll,[]
Male,2039-08-30,10:22 AM,Timothy,Thomas,Lee,[]
Male,2039-08-04,04:21 PM,Scott,Robert,Conway,[]
Female,2038-04-10,07:44 PM,Emily,,Johnson,[]
Male,2037-03-06,11:39 PM,Steven,Daniel,Hoffman,[]
Female,2039-10-23,09:45 PM,Tami,Nichole,Johnson,[]
Female,2040-01-17,08:09 PM,Patricia,Kathleen,Lee,[]
Male,2022-05-09,09:25 PM,Jeremy,Mitchell,Espinoza,[]
Male,2028-06-18,12:12 AM,James,Richard,Harvey,[]
Male,2032-04-04,01:50 PM,Christopher,Aaron,Bass,[]
Female,2038-09-04,02:30 PM,Terri,Andrea,Ramirez,[]
Female,2035-09-25,02:27 AM,Ann,,Carr,[]
Male,2035-09-23,09:12 AM,Chad,Edwin,Johnson,[]
Female,2038-08-23,11:55 AM,Samantha,Erika,Miller,[]
Male,2023-11-29,12:03 PM,William,Dale,White,[]
Male,2039-10-01,08:13 PM,Christopher,Casey,Moore,[]
Female,2027-11-12,08:47 AM,Melissa,,Collins,[]
Female,2026-10-22,03:51 PM,Vanessa,Anita,Mata,[]
Male,2029-03-30,12:21 PM,Eric,Jesse,Stark,[]
Female,2024-09-14,09:38 PM,Tara,,Hernandez,[]
Male,2032-02-09,09:32 AM,Daniel,Randy,Mckee,[]
Female,2029-07-24,02:25 PM,Jasmine,Cathy,Hall,[]
Female,2033-05-11,02:22 AM,Mary,Anne,Duran,[]
Female,2023-03-20,11:11 AM,Kimberly,Janice,Watts,[]
Female,2034-04-16,06:27 PM,Rachael,Deborah,Garcia,[]
Transgender,2029-05-11,10:04 AM,Anthony,Barry,Thomas,[]
Female,2021-07-27,07:32 AM,Kimberly,Amy,Moore,[]
Male,2034-06-04,09:53 AM,Dennis,Jeffrey,Lambert,[]
Male,2023-04-25,06:43 AM,Robert,Justin,Mendez,[]
Male,2022-06-25,02:09 PM,Nathan,Brian,Benson,[]
Male,2033-05-29,06:37 PM,Joseph,Aaron,Smith,[]
Female,2022-09-28,11:36 AM,Deborah,Dana,Montoya,[]
Female,2028-01-09,12:10 PM,Caroline,Casey,Hubbard,[]
Female,2024-06-08,10:18 AM,Brittany,Janice,Russell,[]
Male,2023-02-20,06:11 AM,Eric,Arthur,Wang,[]
Female,2032-04-20,04:21 AM,Christina,Heather,Andrews,[]
Female,2030-09-01,11:51 PM,Lisa,Christina,Hobbs,[]
Female,2035-06-29,12:30 AM,Melanie,,Crawford,[]
Male,2027-04-16,01:15 AM,Anthony,Kevin,Garrison,[]
Female,2040-04-12,07:13 PM,Cindy,Lori,Lee,[]
Male,2029-01-10,03:24 AM,Roberto,Ernest,Smith,[]
Male,2036-05-27,11:21 AM,Kenneth,Keith,King,[]
Male,2030-04-06,06:02 PM,William,Christopher,Ramirez,[]
Female,2023-06-18,04:15 PM,Cheryl,,Gates,[]
Female,2027-09-26,08:16 PM,Danielle,Pamela,Dunn,[]
Female,2028-07-08,10:26 PM,Jennifer,Theresa,Edwards,[]
Female,2031-04-06,02:50 PM,Cynthia,,Page,[]
Male,2027-09-13,04:35 PM,Jared,,Davis,[]
Male,2026-12-25,05:58 PM,Samuel,John,Baker,[]
Male,2026-01-22,01:14 AM,Daniel,,Jackson,[]
Female,2035-06-25,01:14 PM,Megan,Lauren,Adams,[]
Male,2039-08-29,05:11 AM,Craig,,Perez,[]
Male,2036-11-13,12:11 AM,Nicholas,Richard,Salazar,[]
Male,2040-09-19,11:50 PM,Ryan,,Dominguez,[]
Female,2021-11-19,07:45 PM,Linda,Krystal,Gonzalez,[]
Female,2026-04-03,01:42 AM,Olivia,,Weber,[]
Female,2021-10-18,04:31 PM,Morgan,Lindsay,Buck,[]
Male,2025-05-27,01:46 PM,Jeremiah,Franklin,Dalton,[]
Female,2030-11-04,11:19 PM,Tiffany,Kelly,Hall,[]
Male,2024-04-24,01:17 PM,Joseph,Marvin,Hill,[]
Female,2029-04-23,02:30 PM,Erica,Tiffany,Smith,[]
Female,2028-08-07,07:21 PM,Desiree,Beth,Davis,[]
Female,2037-10-26,12:36 AM,Angela,,Lozano,[]
Female,2034-06-30,11:25 AM,Linda,Sarah,Brown,[]
Female,2023-03-01,10:39 AM,Judith,Jennifer,Tate,[]
Male,2040-06-20,12:44 AM,Christopher,Todd,Saunders,[]
Male,2039-03-11,01:56 AM,Michael,Stanley,Gonzalez,[]
Male,2038-01-14,02:31 PM,Edward,Joseph,Henry,[]
Male,2023-10-05,08:56 AM,James,,Smith,[]
Male,2026-07-27,10:40 PM,Jeremy,Brandon,Adams,[]
Female,2024-07-05,01:24 PM,Christina,Kim,Deleon,[]
Female,2034-04-04,01:40 AM,Olivia,Maria,Brown,[]
Male,2032-03-30,05:57 AM,John,Christopher,Shaw,[]
Female,2029-03-12,05:52 AM,Kimberly,Susan,Potter,[]
Male,2037-02-16,10:58 PM,Robert,,Johnson,[]
Male,2036-09-03,08:56 PM,Charles,Nicholas,Brennan,[]
Male,2023-01-23,07:00 AM,Paul,,Buck,[]
Male,2037-02-20,09:46 AM,Joseph,Jason,Burke,[]
Male,2022-01-29,11:05 PM,Gabriel,Nicholas,Harrington,[]
Female,2032-09-26,03:12 PM,Allison,Hailey,Griffith,[]
Female,2027-05-19,01:11 AM,Lisa,Crystal,White,[]
Female,2033-10-24,08:44 PM,Sandy,Sabrina,Gilmore,[]
Female,2031-10-15,04:57 AM,Kathleen,Rebecca,Adams,[]
Female,2024-06-23,07:49 PM,Kristi,Denise,Foley,[]
Female,2036-10-09,10:40 AM,Katelyn,Kelly,Davies,[]
Male,2033-09-12,12:28 PM,David,Justin,Butler,[]
Female,2025-03-05,05:55 AM,Ann,Nicole,Sanford,[]
Male,2033-11-20,01:01 AM,Patrick,Jonathan,Nguyen,[]
Male,2038-12-08,07:42 PM,Craig,Jonathan,Shannon,[]
Female,2036-02-19,07:30 PM,Gina,Kayla,Dougherty,[]
Male,2033-11-26,09:43 PM,Thomas,David,Adams,[]
Male,2023-10-11,02:31 AM,Joseph,Daniel,Hubbard,[]
Male,2021-06-26,07:02 AM,Matthew,Timothy,Smith,[]
Male,2030-11-29,10:22 AM,Ian,Craig,Snyder,[]
Male,2028-05-12,10:42 PM,Benjamin,David,Chambers,[]
Male,2030-04-24,08:06 AM,Donald,,Gilmore,[]
Male,2023-08-15,10:52 PM,Ricky,,Bauer,[]
Female,2035-08-16,01:56 AM,Sherry,Kiara,Berry,[]
Male,2030-06-17,10:49 PM,John,Shawn,Brown,[]
Male,2037-10-14,08:52 PM,Seth,Daniel,Robinson,[]
Male,2020-08-17,12:54 PM,Steve,Ryan,Campbell,[]
Female,2034-05-27,11:24 PM,Danielle,Haley,Williams,[]
Female,2023-03-18,07:46 PM,Catherine,Karen,Smith,[]
Female,2034-03-19,06:34 PM,Alexandra,Andrea,Smith,[]
Male,2031-11-07,10:59 AM,Robert,Jason,Anderson,[]
Female,2023-05-20,08:24 AM,Marisa,Monica,Saunders,[]
Male,2031-11-16,03:32 AM,Johnny,Chad,Sanford,[]
Male,2029-10-29,09:49 PM,Martin,Richard,Hill,[]
Female,2026-11-10,06:33 PM,Karen,Carrie,Clark,[]
Female,2035-04-10,08:53 PM,Amy,,Sanders,[]
Female,2039-12-12,01:58 PM,Carrie,Ashley,Hughes,[]
Female,2035-08-27,07:17 AM,Mary,Ebony,Duran,[]
Female,2020-06-22,08:25 PM,Candice,Susan,James,[]
Female,2038-09-23,06:13 AM,Rhonda,Jessica,Dalton,[]
Female,2031-05-10,11:33 PM,Kathy,,Lucas,[]
Male,2020-05-10,12:47 PM,Christopher,Dustin,Anderson,[]
Female,2033-04-02,11:38 PM,Michelle,,Baker,[]
Female,2029-01-13,01:41 PM,Erin,Valerie,Davis,[]
Female,2026-07-20,11:47 PM,Ellen,,Drake,[]
Male,2030-02-03,10:08 AM,Bryan,Travis,Lucas,[]
Female,2023-07-03,09:46 PM,Doris,Ashley,Davis,[]
Female,2022-12-19,09:15 PM,Sarah,Melissa,Garza,[]
Female,2029-05-07,06:03 AM,Michelle,Toni,Dalton,[]
Female,2027-10-05,07:16 AM,Hannah,Anna,Collins,[]
Male,2022-01-13,12:32 AM,Dylan,Robert,Rich,[]
Female,2033-10-05,05:03 PM,Lori,Rachel,Hart,[]
Male,2028-08-09,04:22 PM,Andrew,William,Avila,[]
Male,2029-05-25,09:22 PM,Michael,James,Aguilar,[]
Female,2021-07-25,12:02 AM,Sarah,Rebecca,Butler,[]
Male,2026-03-10,12:39 PM,Brandon,Adam,Lowe,[]
Female,2023-11-15,05:53 AM,Desiree,Kristin,Matthews,[]
Female,2037-02-27,09:15 AM,Jennifer,Cheyenne,Juarez,[]
Male,2028-03-29,01:59 PM,Scott,Randall,Jones,[]
Male,2038-11-17,11:39 AM,Evan,Bryan,Nelson,[]
Female,2040-07-10,01:07 AM,Gina,Angela,Crane,[]
Male,2027-07-10,07:09 PM,Michael,,Lamb,[]
Male,2039-02-10,11:24 PM,Michael,Joseph,Gonzalez,[]
Female,2038-07-13,09:24 PM,Ashley,,Pierce,[]
Male,2027-06-13,06:33 AM,Juan,Douglas,Griffin,[]
Male,2023-08-20,04:54 PM,Austin,,Sutton,[]
Female,2035-01-07,10:19 PM,Rachel,Katelyn,Mathis,[]
Female,2038-08-18,03:46 AM,Vanessa,Debra,Bauer,[]
Female,2020-04-20,02:43 AM,Nicole,Sabrina,Hamilton,[]
Male,2037-08-13,03:40 AM,Justin,Zachary,Norton,[]
Female,2024-04-04,01:35 AM,Molly,,Sparks,[]
Male,2032-05-13,06:48 PM,Christopher,Jose,Luna,[]
Male,2034-05-20,12:46 PM,Samuel,Timothy,Torres,[]
Female,2035-03-07,08:06 AM,Brittany,Cynthia,Ware,[]
Female,2023-10-25,05:02 PM,Hannah,Anna,Castaneda,[]
Male,2036-08-21,04:40 AM,Nathan,,Hill,[]
Female,2023-10-01,05:15 PM,Laura,Carrie,King,[]
Male,2023-09-15,05:36 AM,Robert,,Martin,[]
Male,2029-09-14,03:43 AM,Christopher,Derrick,Preston,[]
Male,2023-02-17,02:30 PM,Clayton,Jack,Duran,[]
Male,2040-12-28,02:10 PM,Garrett,David,Smith,[]
Female,2032-04-15,01:09 PM,Candice,,Tucker,[]
Female,2037-08-16,07:43 AM,Amber,Tiffany,Barnett,[]
Female,2020-03-30,12:24 AM,Wendy,Carolyn,Baldwin,[]
Male,2025-12-19,04:23 PM,Kenneth,Ronald,Allen,[]
Male,2033-10-09,02:54 PM,Brent,Andrew,Lawrence,[]
Male,2029-07-29,11:30 PM,Seth,James,Terry,[]
Female,2029-10-26,11:40 AM,Ashley,Nicole,Terry,[]
Female,2029-01-18,11:29 PM,Kimberly,Jennifer,Hernandez,[]
Female,2039-10-31,05:49 AM,Briana,Michelle,Moore,[]
Female,2022-06-12,02:00 PM,Tiffany,Sarah,Castaneda,[]
Female,2029-05-23,09:08 PM,Cynthia,Cindy,Martinez,[]
Male,2037-07-25,08:29 AM,Bryan,Spencer,Brown,[]
Male,2020-06-03,10:49 PM,John,Marcus,Rich,[]
Female,2022-09-15,12:47 AM,Stephanie,Connie,Wood,[]
Male,2039-04-02,05:22 AM,Richard,Jeremiah,Long,[]
Male,2021-05-05,12:51 AM,Michael,Dean,Fry,[]
Female,2030-12-25,04:37 AM,Lynn,,Miller,[]
Male,2031-02-08,08:53 PM,Nathan,Michael,Jones,[]
Female,2036-04-30,05:58 AM,Angela,Lauren,Delgado,[]
Female,2035-12-04,07:06 AM,Nichole,Amanda,Valdez,[]
Male,2020-02-04,02:28 PM,Mark,Bryan,Bryan,[]
Male,2030-04-29,11:53 AM,Sean,Juan,Davis,[]
Male,2026-12-07,02:06 AM,Cody,Jaime,Roth,[]
Male,2031-04-25,11:17 PM,Bruce,Marc,Williams,[]
Male,2040-09-14,03:57 PM,Daniel,,Barton,[]
Female,2026-04-19,02:09 AM,Angela,,Clarke,[]
Female,2024-12-18,01:59 AM,Sara,Stephanie,Lucas,[]
Male,2028-05-17,07:21 AM,Robert,James,Clarke,[]
Male,2022-11-22,05:32 PM,Jesus,John,Walters,[]
Male,2021-07-23,12:07 PM,Bradley,Leonard,Frost,[]
Male,2034-04-26,01:14 PM,Erik,Kyle,Diaz,[]
Female,2036-11-17,09:46 PM,Sherry,Kimberly,Taylor,[]
Female,2032-07-31,02:55 PM,Debra,Olivia,Shepherd,[]
Male,2039-10-13,07:44 AM,Larry,Richard,Hopkins,[]
Male,2034-04-05,03:48 AM,Eddie,,Frederick,[]
Male,2038-07-25,10:20 PM,Matthew,,Johnson,[]
Male,2030-05-13,04:20 PM,Joseph,Harry,Collins,[]
Female,2028-10-23,05:12 AM,Carol,Sophia,Carter,[]
Male,2023-04-30,06:02 AM,Maurice,Nathan,Lopez,[]
Male,2039-12-29,05:50 AM,Jeffrey,David,Roberts,[]
Nonbinary,2029-01-30,11:18 PM,Mary,Ryan,Williams,[]
Male,2023-08-14,10:55 AM,John,Aaron,Dixon,[]
Male,2020-10-07,01:14 AM,Victor,Kevin,Carpenter,[]
Male,2030-12-24,07:57 AM,Scott,Ian,Hoover,[]
Female,2031-04-07,03:45 PM,Erin,,Harmon,[]
Female,2027-07-15,07:00 PM,Alexis,Cindy,Hayes,[]
Male,2026-08-31,08:18 AM,Andrew,Seth,Allen,[]
Female,2022-08-18,12:02 AM,Margaret,,Baker,[]
Male,2035-03-08,11:59 PM,Dillon,Jacob,Williams,[]
Female,2023-09-14,11:37 PM,Margaret,Theresa,Lester,[]
Male,2040-07-01,05:29 AM,Jose,Jordan,Dixon,[]
Female,2028-11-20,02:53 AM,Danielle,,Garcia,[]
Male,2025-01-11,09:46 AM,Dennis,Nicholas,Young,[]
Male,2021-11-11,08:11 PM,Alexander,Keith,Duran,[]
Female,2031-05-09,04:09 PM,Caroline,April,Sanford,[]
Male,2034-03-07,12:32 PM,Devin,James,Hall,[]
Male,2023-03-12,09:37 PM,Christopher,,Clay,[]
Female,2025-05-05,09:01 AM,Danielle,Sandra,Guerrero,[]
Male,2032-09-05,08:00 AM,Andrew,George,Edwards,[]
Male,2024-05-09,05:51 AM,Jonathan,Dennis,Johnson,[]
Female,2038-05-20,04:18 PM,Ashley,Wendy,Bullock,[]
Male,2025-11-23,02:31 PM,Seth,Michael,Roberts,[]
Male,2035-11-15,07:49 AM,James,David,Williams,[]
Female,2027-01-14,07:46 PM,Jessica,Jacqueline,Castaneda,[]
Male,2036-01-03,03:40 PM,Bryan,Brian,Campbell,[]
Female,2033-06-28,12:08 AM,Tracy,Lisa,Hogan,[]
Female,2035-11-21,07:07 AM,Charlene,Denise,Lewis,[]
Female,2024-11-02,02:37 AM,Kimberly,Karen,Griffin,[]
Male,2028-04-16,11:57 PM,Johnny,Steven,Snyder,[]
Male,2024-07-28,01:22 AM,Stephen,Terrence,Mosley,[]
Male,2021-12-07,04:08 AM,Michael,Jerry,Frost,[]
Male,2040-02-21,03:15 PM,Jose,,Moore,[]
Male,2028-03-01,06:51 PM,Joseph,Ricardo,Myers,[]
Female,2027-07-15,10:57 AM,Rachel,Lisa,Murphy,[]
Female,2027-05-06,12:29 PM,Kimberly,,Davis,[]
Female,2037-07-12,11:41 AM,Carrie,,Mason,[]
Male,2032-01-12,02:55 PM,Matthew,Taylor,Herring,[]
Male,2037-04-06,09:52 AM,Pedro,Arthur,Cantrell,[]
Male,2024-09-04,12:28 PM,Devin,James,Miller,[]
Female,2022-03-05,09:43 AM,Stephanie,Sara,Gardner,[]
Female,2026-08-29,03:18 AM,Alicia,Brittany,Alvarado,[]
Male,2031-02-15,07:52 PM,Alexander,Jake,Turner,[]
Female,2020-11-13,06:45 PM,Nicole,Alyssa,Archer,[]
Male,2028-01-30,03:08 AM,Philip,Joseph,Lozano,[]
Female,2031-08-30,06:24 AM,Jeanne,Kaitlyn,Bryan,[]
Male,2040-08-02,01:46 PM,Joel,Nicholas,Jackson,[]
Male,2027-01-24,11:51 PM,Craig,Brett,Wagner,[]
Male,2021-04-19,07:59 AM,Christopher,Joseph,Young,[]
Female,2022-04-03,02:24 PM,Tracy,,Thompson,[]
Male,2024-11-17,04:38 PM,Daniel,Alan,Brown,[]
Female,2037-12-01,08:30 PM,Patricia,Amy,Smith,[]
Female,2034-06-03,05:49 PM,Katelyn,Brittany,Smith,[]
Female,2030-10-25,01:26 AM,Diane,Rebecca,Pacheco,[]
Male,2022-05-29,10:52 AM,Brian,Michael,Dixon,[]
Female,2027-08-02,05:39 PM,Rachel,,Allen,[]
Female,2033-08-09,02:35 AM,Judy,Amber,Moore,[]
Male,2035-04-01,04:57 AM,Ryan,Richard,Collins,[]
Female,2030-11-12,09:58 PM,Robin,Leslie,Mora,[]
Male,2023-05-20,12:10 PM,Anthony,James,Mason,[]
Male,2032-03-10,07:46 AM,Christopher,Anthony,Cuevas,[]
Female,2026-06-26,04:54 PM,Donna,,Petersen,[]
Female,2031-07-07,01:27 AM,Lori,,Martinez,[]
Male,2022-09-08,12:31 PM,Richard,Mark,Spencer,[]
Female,2026-07-17,11:47 AM,April,,Mitchell,[]
Male,2039-02-07,03:15 AM,Steven,Robert,Petty,[]
Male,2028-02-11,04:20 PM,Brian,Justin,Boyer,[]
Female,2033-03-05,05:10 PM,Lisa,,Hensley,[]
Female,2034-10-19,01:49 AM,Hannah,Leah,Johnson,[]
Male,2024-09-27,11:04 AM,Joshua,Julian,Decker,[]
Male,2022-01-24,07:07 PM,Matthew,Robert,Shepherd,[]
Male,2034-08-25,09:12 PM,Michael,Jason,Robinson,[]
Male,2049-10-20,03:48 AM,Micheal,David,Brown,"[Pf795, Pf22a]"
Female,2056-10-15,02:47 AM,Teresa,Jessica,Sanchez,"[P5acf, Pf796]"
Female,2060-12-09,12:12 AM,Morgan,,Buck,"[P5acf, Pf796]"
Male,2052-04-12,08:43 PM,Jason,Anthony,Boyer,"[P3f68, P4e5b]"
Female,2051-06-27,01:28 AM,Samantha,Deborah,Boyer,"[P3f68, P4e5b]"
Female,2059-11-07,11:09 AM,Natasha,Linda,Spencer,"[P02ce, P75ad]"
Female,2043-01-20,11:08 AM,Alyssa,Tammy,Mcdaniel,"[P5ee1, Pb361]"
Female,2060-12-23,01:07 AM,Tammy,Christine,Garcia,"[P5ee1, Pb361]"
Female,2040-02-26,11:23 AM,Phyllis,Melody,Hart,"[P2d7f, Pcea2]"
Female,2054-04-03,11:19 PM,Rachel,Ashley,Brown,"[Pe537, P3dc4]"
Male,2059-06-22,05:27 PM,Daniel,,Sanford,"[P5b2f, Pdfdf]"
Male,2045-10-12,04:47 AM,Mark,Charles,Hall,"[Pbf0c, P6f81]"
Female,2043-03-12,05:14 AM,Monica,Linda,Hall,"[Pbf0c, P6f81]"
Female,2059-06-21,04:51 PM,Victoria,Kristin,Rice,"[P87a5, Pf69c]"
Male,2055-06-01,03:35 AM,Wyatt,Luis,Gardner,"[P7644, Pcdf3]"
Male,2046-04-11,10:49 AM,Patrick,Craig,Rose,"[P786d, P161a]"
Male,2057-12-06,12:57 AM,Randy,Jason,Rose,"[P786d, P161a]"
Male,2059-03-20,01:21 PM,Stephen,Thomas,Vaughn,"[P3cdf, Pbda6]"
Male,2053-09-30,02:36 PM,Mitchell,,Beltran,"[P4f05, Pb96f]"
Female,2048-02-20,08:20 AM,Dawn,Kelly,Butler,"[Pb195, Pcad7]"
Female,2059-11-04,12:14 AM,Angel,Haley,Ramirez,"[P7d53, Pd0f4]"
Female,2041-04-14,04:25 AM,Anna,Miranda,Ramirez,"[P7d53, Pd0f4]"
Male,2044-11-19,05:10 AM,Keith,Charles,Ramirez,"[P7d53, Pd0f4]"
Female,2044-05-15,02:40 AM,Elizabeth,Christy,Lucas,"[P9c25, P7960]"
Female,2051-03-05,11:25 AM,Stephanie,Julia,Lambert,"[P9c25, P7960]"
Female,2060-10-13,01:39 PM,Lisa,Kathleen,Moore,"[Pb4c9, Pc1c8]"
Male,2050-11-08,11:50 AM,Daniel,Timothy,Morrison,"[Pb4c9, Pc1c8]"
Male,2060-12-08,09:31 AM,Jesse,Casey,Smith,"[P64a0, Pe339]"
Male,2050-05-23,05:54 PM,Todd,Christopher,Smith,"[P64a0, Pe339]"
Male,2059-10-24,06:32 AM,Steven,Jason,Garcia,"[P0a77, Pad9b]"
Female,2049-06-22,12:32 AM,Sherry,,Griffin,"[P7077, Pb9d6]"
Male,2058-02-19,11:30 PM,Jeremy,,Sherman,"[P7077, Pb9d6]"
Male,2041-06-22,06:54 AM,Justin,Steven,Myers,"[Pad80, P2e38]"
Male,2053-03-21,06:56 PM,Glenn,,Myers,"[Pad80, P2e38]"
Male,2060-10-18,10:41 AM,Hunter,Joshua,Myers,"[Pad80, P2e38]"
Male,2044-08-28,06:04 PM,Matthew,David,Myers,"[Pad80, P2e38]"
Male,2044-09-06,07:06 AM,Scott,,Hall,"[P10b5, P6dc9]"
Male,2054-11-11,10:25 AM,William,David,Orr,"[P10b5, P6dc9]"
Female,2040-05-04,11:01 AM,Brianna,Sandra,Mcdaniel,"[P111a, P7137]"
Female,2050-11-27,09:55 AM,Tiffany,,Roberts,"[Pb359, P764e]"
Male,2046-11-03,11:01 AM,Brian,William,Carson,"[P124b, Pe4db]"
Male,2040-06-19,10:42 AM,Michael,Robert,Carson,"[P124b, Pe4db]"
Female,2043-02-04,12:59 PM,Rhonda,,Decker,"[P88ba, P7efb]"
Male,2059-10-08,10:25 AM,Christian,Jeffrey,Stephens,"[P6c39, Pd57e]"
Female,2044-06-08,12:03 PM,Crystal,Kristin,Stephens,"[P6c39, Pd57e]"
Female,2054-11-19,05:36 AM,Cynthia,,Rose,"[Pfeae, Pef01]"
Female,2048-11-01,11:44 PM,Lisa,Laura,Fields,"[P301a, Pa66a]"
Male,2050-09-04,03:50 PM,Matthew,Parker,Fields,"[P301a, Pa66a]"
Female,2051-03-17,09:07 AM,Catherine,Kathy,Fields,"[P301a, Pa66a]"
Female,2043-02-13,11:51 PM,Jennifer,Stephanie,Sparks,"[Pec87, P9496]"
Male,2043-11-01,06:59 AM,Austin,George,Blake,"[P8afc, Pd672]"
Male,2056-11-14,11:31 AM,Anthony,Raymond,Blake,"[P8afc, Pd672]"
Female,2055-12-24,10:17 AM,Laura,,Murphy,"[P383a, Peb42]"
Male,2044-05-09,12:00 PM,Jerry,,Taylor,"[P6172, P47ea]"
Male,2046-09-23,06:26 PM,Thomas,Andre,Taylor,"[P6172, P47ea]"
Female,2041-01-08,07:02 AM,Christine,Tonya,Berry,"[P1344, Pa711]"
Female,2056-11-12,09:23 PM,Lisa,Michelle,Wood,"[Pef30, P0013]"
Male,2046-07-21,03:51 AM,Michael,Devon,Wood,"[Pef30, P0013]"
Male,2058-11-06,04:30 PM,Christopher,,Berry,"[Pa22c, P66a7]"
Male,2058-06-29,08:47 AM,Michael,Julian,Berry,"[Pa22c, P66a7]"
Female,2054-07-11,09:25 AM,Mariah,Catherine,Moore,"[P302c, P9217]"
Female,2041-08-14,02:23 PM,Tara,Bonnie,Collins,"[P3ea6, P318b]"
Female,2057-12-24,02:59 PM,Ashley,Kelsey,Collins,"[P3ea6, P318b]"
Female,2054-06-27,12:42 PM,Sheri,Yolanda,Sherman,"[P3ea6, P318b]"
Male,2040-06-09,02:26 PM,William,James,Moore,"[P79a2, P4c7e]"
Female,2055-01-06,01:00 AM,Nicole,Toni,Moore,"[P79a2, P4c7e]"
Female,2050-08-13,05:24 PM,Christine,,Orr,"[P61b6, P31d8]"
Male,2053-09-17,05:22 AM,Zachary,Christopher,Orr,"[P61b6, P31d8]"
Male,2040-02-02,08:11 PM,Daniel,Melvin,Orr,"[P61b6, P31d8]"
Male,2047-10-10,05:54 PM,Cody,Jimmy,Orr,"[P61b6, P31d8]"
Female,2052-12-27,06:34 AM,Kimberly,Briana,Page,"[Pa72b, P6173]"
Female,2056-05-27,09:48 AM,Julia,,Murray,"[Pfc5d, P42a5]"
Female,2054-10-16,07:38 PM,Crystal,,Bryan,"[Pfc5d, P42a5]"
Male,2050-03-15,03:38 AM,Michael,Brett,Jones,"[P221c, Pc2a3]"
Male,2060-12-05,11:55 PM,Bryan,Brian,Jones,"[P221c, Pc2a3]"
Female,2058-07-03,12:59 PM,Brittany,,Brown,"[P9690, P9f28]"
Male,2050-11-05,06:02 PM,Jeffrey,Scott,Brown,"[P9690, P9f28]"
Male,2041-08-18,01:22 AM,John,Brian,Hooper,"[P1eb3, Pc26c]"
Female,2041-12-25,08:48 AM,Elizabeth,Kristy,Hooper,"[P1eb3, Pc26c]"
Female,2041-06-28,03:09 AM,Tammy,Alicia,Wood,"[P0046, P8d6c]"
Female,2057-04-05,09:31 PM,Lisa,Julia,Berry,"[P0046, P8d6c]"
Female,2054-06-09,11:26 AM,Connie,Jordan,Barry,"[P9ed8, P8e60]"
Female,2056-01-07,09:21 AM,Denise,,Barry,"[P9ed8, P8e60]"
Female,2058-04-30,05:12 AM,Erica,Tiffany,Martin,"[Pb452, P5acd]"
Female,2053-12-16,11:37 PM,Kara,,Martin,"[Pb452, P5acd]"
Female,2058-05-26,03:45 AM,Katherine,Vicki,Johnson,"[Pa25e, P4313]"
Male,2055-09-21,02:08 AM,Bobby,Johnny,Hobbs,"[P4e4f, Pa231]"
Male,2042-06-21,01:06 AM,Matthew,Jason,Hobbs,"[P4e4f, Pa231]"
Male,2047-12-31,11:35 PM,Gregory,Brian,Smith,"[P0485, P93d9]"
Male,2047-06-07,08:57 AM,Kevin,Michael,Smith,"[P0485, P93d9]"
Female,2057-07-16,09:41 AM,Patricia,Nicole,Wallace,"[Pb207, Pa488]"
Female,2046-07-23,08:58 PM,Kristie,Linda,Wallace,"[Pb207, Pa488]"
Female,2049-01-09,07:17 AM,Amanda,Anna,Simmons,"[Pf47e, P602f]"
Male,2060-12-11,06:37 AM,Victor,James,Simmons,"[Pf47e, P602f]"
Female,2049-09-29,04:53 AM,Catherine,Brenda,Sutton,"[Pf640, P54ac]"
Female,2050-10-24,11:56 PM,Ashley,April,Garcia,"[Pf640, P54ac]"
Female,2058-10-28,12:44 PM,Katrina,Victoria,Sutton,"[Pf640, P54ac]"
Male,2054-04-14,12:28 AM,Nicholas,Ronald,Long,"[Pc47b, Pffa0]"
Female,2045-12-01,09:54 AM,Robin,,Clarke,"[Pc47b, Pffa0]"
Male,2042-01-30,08:17 AM,Bradley,George,Baxter,"[P0d01, P6346]"
Female,2058-02-15,02:06 PM,Penny,Karen,Farrell,"[P31c3, P6d10]"
Female,2043-04-23,02:32 PM,Crystal,,Orr,"[P4eaf, P0eaf]"
Male,2051-03-18,05:24 AM,Charles,Kyle,Smith,"[Pada9, P09bc]"
Male,2040-05-23,01:16 PM,Nathaniel,,Smith,"[Pada9, P09bc]"
Male,2049-08-19,02:24 AM,Jason,Michael,Brennan,"[Pe5e3, P622d]"
Female,2046-01-18,03:57 AM,Lisa,,Hamilton,"[Pe5e3, P622d]"
Female,2054-09-25,05:29 PM,Carolyn,Nancy,Brennan,"[Pe5e3, P622d]"
Female,2045-06-22,04:49 AM,Melissa,Amanda,Taylor,"[Pe5e3, P622d]"
Male,2045-01-19,02:39 AM,Christian,Steve,Brennan,"[Pe5e3, P622d]"
Female,2043-02-12,01:57 PM,Denise,Claire,Lambert,"[P63d0, P7f44]"
Male,2042-09-04,10:46 AM,David,,Lambert,"[P63d0, P7f44]"
Male,2047-10-08,02:26 PM,Tyler,Anthony,Lambert,"[P63d0, P7f44]"
Male,2054-11-10,11:00 PM,Michael,Ernest,Lester,"[Pecac, Pe863]"
Female,2051-01-25,08:58 AM,Sarah,Monica,Richardson,"[Pce4f, Pe0cb]"
Female,2050-05-26,07:42 AM,Caroline,Brittany,Richardson,"[Pce4f, Pe0cb]"
Male,2048-06-30,07:33 PM,Dennis,Samuel,Richardson,"[Pce4f, Pe0cb]"
Male,2046-10-15,02:07 PM,Charles,James,Benson,"[P5315, Peb30]"
Female,2048-05-09,04:39 PM,Glenda,Andrea,Le,"[P710a, P3271]"
Male,2045-09-03,01:00 PM,Joseph,Justin,Le,"[P710a, P3271]"
Female,2060-07-20,06:20 AM,Jessica,Jessica,Terry,"[P710a, P3271]"
Male,2053-05-12,11:33 AM,Frank,Brandon,Mclean,"[Pa899, P2966]"
Female,2040-11-10,01:12 PM,Laura,Kendra,Myers,"[Pa899, P2966]"
Female,2041-01-27,12:35 PM,Kathryn,Erica,Davis,"[P652d, P1325]"
Male,2041-12-20,05:59 AM,Wayne,Jeffrey,Anderson,"[P3a7a, P6a31]"
Male,2051-03-29,09:09 PM,Kevin,Robert,Williams,"[Pe2b5, P20a2]"
Male,2055-12-07,02:09 AM,Douglas,Matthew,Williams,"[Pe2b5, P20a2]"
Female,2053-08-28,04:04 AM,Samantha,Kathryn,Brennan,"[P10f4, Pb446]"
Female,2041-12-17,10:45 AM,Rachel,Margaret,Hogan,"[P1446, Pbe38]"
Male,2050-05-19,01:25 AM,Adam,Shane,Pacheco,"[P1ebe, P9155]"
Male,2054-12-16,03:45 PM,David,Kyle,Cervantes,"[P450f, P88bb]"
Female,2056-02-08,04:34 AM,Colleen,Kayla,Smith,"[P450f, P88bb]"
Female,2042-12-21,01:19 AM,Taylor,,Hamilton,"[P36a5, P34fe]"
Male,2047-07-26,11:47 AM,Joseph,Robert,Juarez,"[Pa706, Pecd9]"
Female,2053-03-03,05:52 AM,Tabitha,Carrie,Monroe,"[P2cc6, P0906]"
Female,2054-10-02,10:16 PM,Dawn,Elizabeth,Hensley,"[P2cc6, P0906]"
Male,2047-06-09,09:41 AM,Joshua,Juan,Aguilar,"[P532c, P88ac]"
Male,2050-06-21,02:07 PM,Benjamin,Brandon,Aguilar,"[P532c, P88ac]"
Male,2047-03-29,10:00 AM,John,,White,"[P97ed, Pfaa4]"
Male,2048-03-01,01:32 PM,Sean,Jason,Sanders,"[Pabb8, P2417]"
Male,2051-09-13,07:46 AM,Nicholas,Tony,Sanders,"[Pabb8, P2417]"
Male,2057-04-08,05:57 AM,Steven,Steve,Ramirez,"[P9f9f, P5198]"
Female,2054-11-26,11:48 AM,Jessica,Patricia,Collins,"[P9f9f, P5198]"
Male,2041-05-28,01:14 PM,Stephen,,Ramirez,"[P9f9f, P5198]"
Female,2048-02-23,09:57 PM,Michele,Kimberly,Sanford,"[P0d1b, Pfa93]"
Male,2060-10-28,07:15 AM,Andrew,Tyler,Monroe,"[P8371, Pb075]"
Male,2040-12-05,08:08 AM,Brendan,Edward,Monroe,"[P8371, Pb075]"
Male,2044-08-19,04:39 AM,Benjamin,,Monroe,"[P8371, Pb075]"
Female,2052-07-06,08:01 AM,Erica,Teresa,Morrison,"[Pd03a, P8829]"
Female,2046-05-21,12:57 PM,Andrea,Linda,Moore,"[Pd03a, P8829]"
Female,2058-11-20,06:04 AM,Michelle,,Walter,"[Pa841, P2562]"
Female,2057-10-20,12:27 AM,Olivia,Kelly,Walter,"[Pa841, P2562]"
Female,2042-09-12,10:34 PM,Heather,Jodi,Ramirez,"[P7e63, P38ae]"
Female,2051-07-13,06:48 PM,Kimberly,Kelly,Benson,"[P7e63, P38ae]"
Male,2044-11-18,08:04 PM,Vincent,,Dalton,"[P0a98, P0585]"
Male,2051-05-12,03:00 AM,Michael,Brett,Baker,"[P8178, P777e]"
Female,2058-09-27,07:17 AM,Rhonda,Pamela,Hines,"[Pfcb5, P9f81]"
Female,2054-05-11,12:18 AM,Katherine,Carrie,Gilmore,"[Pc4da, Pfd66]"
Male,2049-04-20,09:16 AM,Patrick,Kevin,Tate,"[Pc4da, Pfd66]"
Male,2052-07-18,03:30 PM,Devin,Joseph,Lee,"[Pc4da, Pfd66]"
Male,2050-12-02,07:26 PM,Scott,Jonathan,Johnson,"[P8401, Pef6c]"
Female,2047-10-24,04:06 AM,Lisa,,Johnson,"[P8401, Pef6c]"
Female,2040-09-16,10:12 PM,Stacy,Sara,Monroe,"[P8401, Pef6c]"
Male,2045-09-03,10:17 AM,Javier,Alexander,Johnson,"[P8401, Pef6c]"
Female,2044-05-28,09:15 PM,Brittany,Mary,Aguilar,"[Pfae4, Pcc70]"
Female,2049-11-21,12:39 AM,Susan,,Ramirez,"[Pfae4, Pcc70]"
Male,2050-10-05,02:08 AM,Travis,Vincent,Ramirez,"[Pfae4, Pcc70]"
Male,2054-08-12,02:05 AM,Timothy,Daniel,Mckee,"[P7384, P5b9e]"
Female,2053-07-23,04:12 AM,April,Jennifer,Smith,"[P7384, P5b9e]"
Female,2048-10-26,06:55 PM,Melanie,Amanda,Smith,"[Pcb87, P7bed]"
Female,2047-01-27,02:53 PM,Amy,Julia,Gates,"[Pcc2b, Pdd26]"
Female,2049-03-01,11:53 PM,Caroline,Wanda,Gates,"[Pcc2b, Pdd26]"
Female,2047-02-08,05:58 AM,Sara,Danielle,Johnson,"[Pcc2b, Pdd26]"
Female,2057-07-25,07:38 AM,Dawn,Tammy,Page,"[Pcee7, P7d9d]"
Male,2051-08-30,05:21 AM,Jason,John,Adams,"[P7d39, P147d]"
Female,2042-06-29,03:36 AM,Alicia,Debra,Dalton,"[P0fc7, P243c]"
Male,2045-09-18,02:57 AM,Frank,David,Buck,"[P60f0, P07ab]"
Male,2043-07-03,12:38 PM,Harry,Wesley,Buck,"[P60f0, P07ab]"
Male,2059-12-02,12:07 PM,Aaron,David,Buck,"[P60f0, P07ab]"
Male,2058-03-27,06:29 PM,Jordan,Edward,Buck,"[P60f0, P07ab]"
Male,2052-06-12,07:19 AM,Jose,Edwin,Buck,"[P60f0, P07ab]"
Female,2048-08-18,04:32 PM,Margaret,Megan,Dalton,"[P2da7, P7a45]"
Female,2042-10-02,02:25 PM,Emily,Melissa,Smith,"[Pc963, Ped0a]"
Male,2056-05-21,12:18 AM,Drew,,Tate,"[P24af, Pe9f0]"
Male,2047-01-11,11:56 PM,Douglas,,Johnson,"[P4015, Pff11]"
Male,2054-12-02,09:21 AM,Michael,Antonio,Johnson,"[P4015, Pff11]"
Male,2056-12-06,11:02 AM,Michael,Brian,Gilmore,"[Ped01, P4115]"
Male,2047-03-27,11:06 PM,Brian,Alan,Gilmore,"[Ped01, P4115]"
Female,2046-01-09,07:32 AM,Donna,,Lester,"[P0f9e, P261c]"
Female,2048-07-17,09:20 PM,Ashley,Wanda,Sanford,"[P0f9e, P261c]"
Male,2057-01-21,07:02 PM,Aaron,Frank,Shannon,"[Pa8ed, P8828]"
Female,2044-12-25,12:42 AM,Samantha,Eileen,Shannon,"[Pa8ed, P8828]"
Female,2060-02-20,02:12 PM,Katherine,Morgan,Robinson,"[P377f, P3422]"
Male,2058-10-15,01:45 PM,Stephen,Michael,Robinson,"[P377f, P3422]"
Male,2054-10-01,07:37 AM,Christopher,Tyler,Duran,"[Pb39a, P7b20]"
Female,2045-01-17,04:17 AM,Gail,Taylor,Duran,"[Pb39a, P7b20]"
Female,2042-05-11,05:56 PM,Alexis,Sandra,Simmons,"[P5eee, Pa3b9]"
Male,2050-06-03,11:08 AM,Eric,Dennis,Baker,"[P5eee, Pa3b9]"
Female,2055-03-07,02:05 AM,Peggy,,Baker,"[P5eee, Pa3b9]"
Male,2056-05-05,07:23 PM,Lucas,,Collins,"[P4af7, Pbd55]"
Female,2058-10-14,03:04 AM,Alison,Martha,Anderson,"[P4af7, Pbd55]"
Male,2044-09-16,09:06 PM,Michael,Daniel,Rich,"[Pf802, P4b47]"
Female,2058-06-19,05:37 AM,Laurie,Michelle,Castaneda,"[Pf802, P4b47]"
Male,2057-05-07,12:14 AM,Frank,Andrew,Rich,"[Pf802, P4b47]"
Female,2049-10-22,11:13 PM,Stacy,Veronica,Juarez,"[Pdf37, Pb9b9]"
Female,2040-03-26,10:06 PM,Linda,Dana,Pierce,"[Pdf37, Pb9b9]"
Male,2044-04-18,02:17 AM,Mark,Brady,Griffin,"[P98af, P4997]"
Male,2053-04-13,01:43 PM,Tommy,Wesley,Griffin,"[P98af, P4997]"
Female,2046-01-13,11:26 PM,Kelly,,Griffin,"[P98af, P4997]"
Male,2041-07-18,05:22 AM,Dylan,Matthew,Griffin,"[P98af, P4997]"
Female,2055-11-23,05:56 PM,Anita,Rhonda,Griffin,"[P98af, P4997]"
Male,2051-04-30,11:51 PM,Ross,Troy,Hamilton,"[P4edd, P1f25]"
Female,2050-02-09,12:41 AM,Abigail,,Hamilton,"[P4edd, P1f25]"
Female,2043-08-18,12:13 AM,Virginia,Nancy,Walters,"[P4edd, P1f25]"
Male,2055-04-23,03:54 AM,Jason,Kyle,Hamilton,"[P4edd, P1f25]"
Female,2045-05-20,08:48 PM,Amanda,Cynthia,Terry,"[P0a28, P06ce]"
Male,2053-05-06,04:13 PM,Samuel,Jose,Terry,"[P0a28, P06ce]"
Female,2041-12-23,10:45 AM,Robin,Cathy,Hernandez,"[P8616, Peb6f]"
Male,2059-06-23,09:07 PM,Taylor,,Hernandez,"[P8616, Peb6f]"
Female,2057-06-24,11:45 AM,Sandra,Jasmine,Brown,"[P606c, Paa4c]"
Male,2042-12-31,10:25 AM,Anthony,,Lambert,"[P606c, Paa4c]"
Male,2046-09-01,10:50 AM,Matthew,Michael,Castaneda,"[P67b3, Pd339]"
Female,2060-05-15,06:56 AM,Audrey,,Miller,"[P9d5a, P5c77]"
Male,2050-12-25,08:46 AM,Sean,,Bryan,"[P2dac, P6de2]"
Female,2047-01-31,05:17 PM,Ashley,Kimberly,Bryan,"[P2dac, P6de2]"
Male,2048-09-28,12:09 AM,Trevor,,Bryan,"[P2dac, P6de2]"
Female,2047-12-24,05:57 PM,Melissa,Norma,Williams,"[Pa562, P83c7]"
Male,2044-02-27,03:09 PM,Robert,David,Clarke,"[Pc470, P73d2]"
Male,2054-07-26,06:13 AM,Charles,Reginald,Clarke,"[Pc470, P73d2]"
Female,2044-09-01,09:33 AM,Regina,Lorraine,Clarke,"[Pc470, P73d2]"
Male,2045-10-07,05:51 PM,Travis,Jason,Clarke,"[Pc470, P73d2]"
Male,2042-10-09,02:56 AM,Daniel,Tanner,Walters,"[P5f0c, P1627]"
Male,2052-03-01,10:31 AM,Jesus,,Walters,"[P5f0c, P1627]"
Male,2050-03-28,11:00 AM,Jeffrey,Matthew,Walters,"[P5f0c, P1627]"
Female,2047-02-15,11:04 AM,April,,Gardner,"[P5409, Pa6dc]"
Female,2042-04-04,07:28 PM,Sheri,Cheryl,Taylor,"[P5409, Pa6dc]"
Female,2041-07-16,06:43 AM,Crystal,Kristen,Roberts,"[P5409, Pa6dc]"
Female,2040-10-05,05:09 AM,Tina,Karen,Roberts,"[P5409, Pa6dc]"
Male,2044-10-05,06:09 AM,Dylan,Danny,Smith,"[P5409, Pa6dc]"
Male,2045-11-28,07:09 PM,Matthew,Jesse,Hayes,"[Pe84e, P2e8f]"
Female,2051-05-18,02:15 PM,Virginia,,Baker,"[Padcd, Pdd91]"
Female,2060-05-30,03:01 AM,Laura,Catherine,Clay,"[Pbf30, Pcbcb]"
Female,2060-08-27,03:48 AM,Michelle,,Beltran,"[Pca4e, Pf049]"
Male,2045-06-26,01:44 PM,Christopher,Micheal,Bullock,"[Pca4e, Pf049]"
Male,2056-04-23,12:40 PM,Richard,Steven,Murphy,"[P9c31, P82b2]"
Male,2043-04-25,07:01 PM,Brandon,Brandon,Murphy,"[P9c31, P82b2]"
Female,2057-03-22,08:02 PM,Donna,Leslie,Allen,"[Pf8c8, Peb0b]"
Female,2055-03-22,06:10 AM,Melissa,,Ramirez,"[P622b, Pdeb3]"
Male,2059-11-04,08:34 AM,Tyler,Peter,Mason,"[P622b, Pdeb3]"
Female,2043-06-24,02:39 PM,Kayla,Danielle,Myers,"[Pea8f, Pd37e]"
Male,2073-08-17,11:38 AM,Benjamin,Brent,Brown,"[P7990, Pb0fc]"
Male,2080-12-08,03:23 PM,Keith,Eugene,Brown,"[P7990, Pb0fc]"
Female,2076-03-10,05:04 AM,Melinda,Stephanie,Juarez,"[Pe99f, Pb681]"
Male,2070-08-14,06:15 PM,Robert,,Buck,"[Pe99f, Pb681]"
Female,2072-05-07,08:40 PM,Crystal,,Wood,"[Pe99f, Pb681]"
Female,2060-07-11,05:57 AM,Gina,Robyn,Buck,"[P5729, Pe1a2]"
Male,2071-11-24,11:17 AM,Corey,David,Spencer,"[Pe04b, P89d0]"
Nonbinary,2063-12-08,07:05 PM,Jermaine,Krystal,Spencer,"[Pe04b, P89d0]"
Male,2063-04-13,05:32 PM,George,,Spencer,"[Pe04b, P89d0]"
Female,2061-06-15,01:50 PM,Tracy,Joan,Hart,"[Pcd18, P4351]"
Male,2064-09-23,03:08 AM,Michael,,Hart,"[Pcd18, P4351]"
Female,2060-01-29,10:16 PM,Tammy,Dana,Baker,"[P76ed, P945f]"
Transgender,2074-11-17,08:10 AM,Steven,Sharon,Sanford,"[P76ed, P945f]"
Male,2064-10-30,07:30 AM,Thomas,Timothy,Hall,"[Pf69a, P0650]"
Female,2073-04-26,06:59 PM,Andrea,Karen,Hall,"[Pf69a, P0650]"
Female,2080-07-23,08:18 AM,Ana,Sabrina,Hall,"[Pf69a, P0650]"
Female,2075-04-01,08:09 PM,Sara,Erika,Hensley,"[Pa574, P2389]"
Female,2070-06-05,03:13 AM,Amanda,Rebecca,Sherman,"[Pa574, P2389]"
Female,2073-04-19,01:14 AM,Vanessa,Megan,Gardner,"[Pa574, P2389]"
Female,2065-12-27,03:58 AM,Kimberly,Hayley,Hall,"[Pa574, P2389]"
Female,2077-10-20,07:47 AM,Mary,Hannah,Spencer,"[Pbb95, P0d95]"
Male,2068-08-30,05:56 AM,Jeffery,,Rose,"[Pbb95, P0d95]"
Male,2072-01-20,05:53 PM,William,Christopher,Rose,"[Pbb95, P0d95]"
Male,2060-09-16,01:08 PM,Michael,Gabriel,Beltran,"[P43e8, Pf563]"
Female,2073-07-24,11:56 AM,Tracy,Melissa,Beltran,"[P43e8, Pf563]"
Female,2066-10-12,06:46 AM,Terri,Alisha,Beltran,"[P43e8, Pf563]"
Male,2066-04-05,03:28 AM,Antonio,Patrick,Beltran,"[P43e8, Pf563]"
Female,2078-10-01,08:12 AM,Kimberly,Courtney,Butler,"[P5023, P2fd9]"
Male,2068-02-24,09:48 PM,Gregory,Erik,Butler,"[P5023, P2fd9]"
Female,2073-12-16,11:27 PM,Dawn,Hannah,Ramirez,"[P278b, P82e5]"
Nonbinary,2063-05-28,04:03 PM,Sylvia,Donald,Lambert,"[Pb8af, P5e07]"
Transgender,2065-04-05,11:05 PM,Justin,Scott,Lee,"[P518c, P643c]"
Male,2079-02-20,12:46 PM,Christopher,Christopher,Moore,"[P518c, P643c]"
Male,2062-10-09,07:00 PM,Douglas,Jonathan,Moore,"[P518c, P643c]"
Male,2061-06-01,02:45 PM,Christopher,Matthew,Morrison,"[P2b69, P8e51]"
Male,2064-07-24,02:06 AM,Kevin,Anthony,Morrison,"[P2b69, P8e51]"
Male,2080-07-23,07:29 PM,Chris,,Smith,"[P8cd1, P5e79]"
Female,2079-08-15,12:43 AM,Maria,,Smith,"[P8cd1, P5e79]"
Female,2060-10-10,05:05 PM,Amy,Michelle,Smith,"[P8cd1, P5e79]"
Female,2080-10-23,06:23 PM,Lisa,Veronica,Sherman,"[P6c34, P8a38]"
Male,2061-04-06,07:15 AM,Damon,Nathaniel,Sherman,"[P6c34, P8a38]"
Female,2077-04-26,10:40 AM,Madison,,Sherman,"[P6c34, P8a38]"
Female,2060-04-04,06:09 AM,Diamond,Jennifer,Smith,"[P9968, Pcca1]"
Male,2068-05-27,10:09 PM,Ricky,Douglas,Myers,"[P9968, Pcca1]"
Female,2060-04-11,01:46 PM,Natasha,Sarah,Terry,"[P6319, Pfa4d]"
Female,2071-03-07,12:28 PM,Misty,,Butler,"[P9968, Pcca1]"
Female,2070-06-26,05:27 PM,Danielle,Mariah,Myers,"[P9968, Pcca1]"
Female,2080-09-14,05:38 AM,Maria,,Myers,"[P3fc1, P752f]"
Female,2070-09-14,11:06 PM,Michelle,Loretta,Myers,"[P3fc1, P752f]"
Female,2078-12-08,09:54 AM,Chelsea,,Aguilar,"[P3fc1, P752f]"
Male,2070-08-08,11:03 PM,Brian,Eric,Orr,"[P6ca9, P463a]"
Female,2072-01-28,09:08 AM,Kaitlyn,Ashley,Orr,"[P6ca9, P463a]"
Male,2070-01-22,05:52 AM,Caleb,,Roberts,"[Pd376, P144b]"
Female,2077-08-26,09:35 PM,Danielle,Lauren,Brown,"[Pd376, P144b]"
Male,2060-04-01,10:10 AM,Jordan,,Carson,"[Pa8f8, P2bf8]"
Male,2062-03-18,08:08 PM,Glenn,Kevin,Carson,"[Pa8f8, P2bf8]"
Female,2063-08-02,10:01 AM,Cynthia,Mary,Murphy,"[P8c4b, Pecf4]"
Female,2063-02-17,09:41 AM,Sarah,Heidi,Smith,"[P8c4b, Pecf4]"
Female,2070-05-29,04:15 PM,Melissa,Kimberly,Taylor,"[P0bc0, P38b2]"
Male,2074-09-15,02:56 AM,John,Kevin,Taylor,"[P96ca, P1351]"
Female,2077-04-07,09:33 AM,Lisa,,Taylor,"[P96ca, P1351]"
Female,2068-12-19,04:08 PM,Lisa,Felicia,Wood,"[P3cd2, P1868]"
Male,2071-03-10,04:20 AM,Michael,Douglas,Wood,"[P3cd2, P1868]"
Male,2063-10-19,07:39 PM,Jeffrey,,Wood,"[P3cd2, P1868]"
Female,2079-05-16,02:59 PM,Ashley,Mary,Orr,"[Pc13b, P39c8]"
Male,2078-09-18,06:39 AM,Colin,,Berry,"[Pc13b, P39c8]"
Male,2061-07-24,12:48 PM,Phillip,Anthony,Collins,"[P839d, Pcbe8]"
Female,2065-08-26,04:13 AM,Gina,Kimberly,Collins,"[P839d, Pcbe8]"
Female,2066-08-17,04:07 PM,Stacy,,Lee,"[P839d, Pcbe8]"
Male,2077-03-18,07:10 PM,Kevin,Steven,Collins,"[P839d, Pcbe8]"
Male,2080-10-25,04:23 AM,Jason,Antonio,Orr,"[P34d9, P635b]"
Female,2076-08-21,07:53 AM,Julie,,Bryan,"[Pb550, P2925]"
Male,2068-09-03,03:59 PM,Michael,Kyle,Jones,"[P1edf, Pd1ca]"
Male,2062-08-27,08:48 PM,Roy,Timothy,Brown,"[P04f9, P9b37]"
Female,2078-02-26,11:33 PM,Rhonda,Jennifer,Hooper,"[Pff00, Pe71f]"
Female,2071-05-08,02:15 AM,Amy,Tamara,Hooper,"[Pff00, Pe71f]"
Female,2070-08-05,10:41 AM,Erika,Rebekah,Martin,"[P1cad, Pfa00]"
Male,2074-01-22,10:38 PM,Timothy,Curtis,Martin,"[P1cad, Pfa00]"
Female,2071-02-12,11:39 PM,Rhonda,Sarah,Martin,"[P1cad, Pfa00]"
Male,2066-02-26,03:22 PM,Travis,,Martin,"[P1cad, Pfa00]"
Female,2072-01-27,11:09 PM,Lori,Heather,Carson,"[Pcbc5, Pdae9]"
Male,2066-12-17,12:08 PM,Daniel,Keith,Hobbs,"[Pcbc5, Pdae9]"
Female,2068-06-30,05:51 AM,Debbie,Stephanie,Hobbs,"[Pcbc5, Pdae9]"
Male,2080-05-17,09:34 AM,Jacob,,Hobbs,"[Pcbc5, Pdae9]"
Female,2075-06-26,11:31 PM,Samantha,,Smith,"[P05e7, P0d97]"
Female,2075-01-18,01:03 PM,Rachel,Allison,Simmons,"[Pfa90, P47b8]"
Male,2079-07-23,12:22 PM,Harry,,Simmons,"[Pfa90, P47b8]"
Female,2076-07-04,09:03 AM,Bethany,Julie,Morrison,"[Pfa90, P47b8]"
Male,2072-08-14,04:51 PM,Thomas,Douglas,Garcia,"[Pc480, Pffff]"
Male,2074-03-15,06:43 AM,Robert,Todd,Smith,"[P7557, P0735]"
Female,2063-04-24,05:45 AM,Tina,Cindy,Smith,"[P7557, P0735]"
Female,2073-11-11,09:42 PM,Cynthia,Jasmine,Roberts,"[P32aa, P023b]"
Female,2066-08-22,12:19 AM,Nancy,Lori,Lambert,"[P32aa, P023b]"
Female,2062-05-19,08:35 PM,Christina,Elizabeth,Lester,"[P2b83, Pfdda]"
Male,2063-09-17,02:25 PM,Larry,,Benson,"[P7bc8, P9f74]"
Female,2070-12-16,06:54 PM,Christina,Amy,Collins,"[P7bc8, P9f74]"
Female,2076-12-27,01:50 PM,Jamie,Shirley,Benson,"[P7bc8, P9f74]"
Male,2075-07-23,05:27 AM,Ryan,Jason,Benson,"[P7bc8, P9f74]"
Male,2078-11-26,05:08 PM,Mike,,Benson,"[P7bc8, P9f74]"
Female,2073-02-19,12:40 AM,Linda,Nichole,Terry,"[P6319, Pfa4d]"
Male,2073-05-11,01:57 AM,John,,Brennan,"[P6204, Pc3ec]"
Male,2075-04-20,06:41 AM,Daniel,Christopher,Brennan,"[P6204, Pc3ec]"
Male,2061-01-12,05:01 AM,John,James,Brennan,"[P6204, Pc3ec]"
Male,2060-07-11,04:41 AM,Donald,Andrew,Juarez,"[P96ea, P3202]"
Male,2072-01-14,11:57 PM,Keith,,Monroe,"[P996a, Pd424]"
Female,2061-05-28,08:21 AM,Brandy,,Monroe,"[P996a, Pd424]"
Male,2074-08-22,04:25 AM,David,,Monroe,"[P996a, Pd424]"
Male,2065-02-25,01:28 PM,Justin,,Hensley,"[Pe7a1, Pd62c]"
Male,2065-09-05,10:36 AM,Cameron,Anthony,Hensley,"[Pe7a1, Pd62c]"
Male,2063-08-31,11:17 AM,Johnathan,John,Collins,"[P9d8a, Pce2d]"
Male,2060-10-10,06:45 PM,Jonathan,Jeremiah,Ramirez,"[P6c38, P3663]"
Male,2071-12-06,01:37 AM,Hector,Jonathan,Monroe,"[P2a02, P98c1]"
Female,2079-04-29,08:59 PM,Debra,,Brown,"[P2a02, P98c1]"
Female,2062-01-28,04:39 AM,Lori,Nicole,Monroe,"[P2a02, P98c1]"
Female,2063-08-03,02:10 AM,Denise,April,Moore,"[P5189, P8a36]"
Male,2068-05-01,08:41 PM,Alexander,Andrew,Moore,"[P5189, P8a36]"
Female,2068-04-26,08:58 PM,Kara,Sabrina,Moore,"[P5189, P8a36]"
Female,2074-07-28,11:06 PM,Jennifer,Sarah,Monroe,"[Pfe80, Pb134]"
Male,2076-01-01,04:56 PM,Earl,James,Baker,"[Pcc40, Pac1a]"
Female,2062-01-06,05:20 PM,Olivia,Debra,Baker,"[Pcc40, Pac1a]"
Male,2062-11-15,11:54 PM,Robert,Jason,Tate,"[P7436, Pfeb8]"
Transgender,2060-10-13,04:26 AM,Ryan,,Lee,"[P3bf3, P8680]"
Female,2077-12-14,02:26 PM,Allison,Sarah,Lee,"[P3bf3, P8680]"
Male,2066-04-09,01:17 AM,Robert,Troy,Aguilar,"[P71cd, P0c12]"
Male,2067-07-16,01:48 AM,Hayden,Michael,Aguilar,"[P71cd, P0c12]"
Male,2068-12-10,05:20 PM,John,,Brown,"[P71cd, P0c12]"
Female,2079-03-25,12:07 AM,Deborah,Sara,Smith,"[Pbd6e, Pb34d]"
Female,2075-08-12,01:56 AM,Anita,Stacy,Johnson,"[P28ee, P62cb]"
Female,2073-06-11,09:03 PM,Hannah,Kristy,Johnson,"[P28ee, P62cb]"
Male,2079-04-30,03:38 PM,Todd,Patrick,Gilmore,"[P1db5, P252c]"
Female,2064-08-27,03:16 PM,Amber,Paula,Gilmore,"[P1db5, P252c]"
Female,2063-09-12,12:49 PM,Casey,Alexandra,Griffin,"[Pc1b7, Pb488]"
Female,2078-08-13,04:31 PM,Jasmine,Kimberly,Griffin,"[Pc1b7, Pb488]"
Female,2065-04-30,02:46 AM,Karen,Shannon,Tate,"[Pcf74, Pc74e]"
Male,2077-09-25,06:22 AM,Jeffery,Scott,Hamilton,"[P06c8, P94d7]"
Male,2072-04-29,08:19 PM,William,James,Hamilton,"[P06c8, P94d7]"
Male,2071-01-06,12:22 PM,Christopher,Jimmy,Bryan,"[Pd2ae, P28e9]"
Female,2075-01-31,09:17 PM,Brooke,Terri,Bryan,"[Pd2ae, P28e9]"
Female,2079-09-04,07:02 PM,Wendy,Chelsea,Clarke,"[P62d0, P667d]"
Female,2077-11-16,02:30 AM,Leslie,Megan,Clarke,"[P62d0, P667d]"
Male,2074-03-23,04:40 AM,David,,Ramirez,"[Pe19b, P454e]"
Female,2069-06-12,03:29 PM,Jacqueline,Kristin,Ramirez,"[Pe19b, P454e]"
Male,2084-06-28,02:02 PM,Wayne,James,Juarez,"[Pa154, Pf1b8]"
Male,2092-10-27,01:45 AM,Matthew,Jeremiah,Juarez,"[Pa154, Pf1b8]"
Male,2089-10-28,04:27 PM,Tyler,Dominic,Juarez,"[Pa154, Pf1b8]"
Male,2092-11-28,05:08 PM,Anthony,Timothy,Juarez,"[Pa154, Pf1b8]"
Male,2092-02-25,05:57 AM,Robert,,Brown,"[Pe895, P04c8]"
Female,2080-08-11,09:16 AM,Jessica,Tammy,Brown,"[Pe895, P04c8]"
Female,2081-05-13,11:40 PM,Holly,Ashley,Brown,"[Pe895, P04c8]"
Male,2098-10-11,07:34 AM,James,,Juarez,"[Pa38a, Pda78]"
Female,2083-04-08,11:17 AM,Jennifer,,Juarez,"[Pa38a, Pda78]"
Male,2095-03-08,07:08 AM,Michael,,Wood,"[P7c20, P0b08]"
Female,2083-12-07,09:09 PM,April,Anna,Wood,"[P7c20, P0b08]"
Male,2090-09-05,06:11 AM,Justin,Sean,Spencer,"[P415e, P43d3]"
Male,2090-03-15,09:44 AM,Paul,Benjamin,Spencer,"[P415e, P43d3]"
Female,2091-01-22,11:56 AM,Catherine,Cynthia,Spencer,"[P8180, P5d51]"
Female,2084-10-23,02:20 PM,Pamela,Emily,Spencer,"[P8180, P5d51]"
Female,2082-02-15,08:44 PM,Diana,,Hart,"[Pff6d, Pef8e]"
Female,2082-08-02,05:58 AM,Stephanie,Sharon,Sherman,"[Pc0e6, P8ece]"
Female,2085-05-10,01:31 PM,Gina,,Sherman,"[Pc0e6, P8ece]"
Female,2090-07-20,12:59 PM,Dawn,Bailey,Beltran,"[P7679, Pd084]"
Male,2094-01-19,07:40 PM,Troy,David,Beltran,"[P7679, Pd084]"
Transgender,2086-04-09,08:03 PM,Misty,Gina,Butler,"[P3e79, Pfad1]"
Female,2098-03-06,12:53 AM,Dana,Tammy,Butler,"[P3e79, Pfad1]"
Female,2090-09-26,08:35 PM,Barbara,Melissa,Moore,"[P36df, Pf609]"
Male,2096-01-01,07:47 AM,Randy,Benjamin,Moore,"[P36df, Pf609]"
Female,2082-10-20,10:12 PM,Susan,Sandra,Moore,"[P36df, Pf609]"
Female,2095-03-11,03:36 PM,Jamie,Wendy,Morrison,"[Pa3b7, P463c]"
Male,2085-03-10,12:02 PM,Carlos,Douglas,Smith,"[P8c8e, P53e4]"
Female,2091-11-06,03:21 AM,Kimberly,,Smith,"[Pdac9, P19ce]"
Female,2085-11-03,08:12 PM,Mary,Linda,Myers,"[Pefa5, P47d1]"
Female,2090-05-17,05:53 PM,Robin,,Myers,"[Pefa5, P47d1]"
Male,2089-01-02,11:40 PM,Stephen,Christopher,Aguilar,"[Pdd9c, Pf9b1]"
Male,2085-06-02,11:19 AM,Shaun,Travis,Orr,"[P9960, P28ba]"
Male,2090-03-24,08:16 AM,Seth,,Brown,"[P825f, P005c]"
Female,2085-03-25,01:49 PM,Stacy,Whitney,Carson,"[P74a5, P4ec0]"
Female,2097-08-27,02:26 AM,Lynn,Zoe,Taylor,"[P1b68, P5b2b]"
Female,2084-02-21,07:50 AM,Jessica,Jeanette,Taylor,"[P1b68, P5b2b]"
Female,2091-08-05,07:29 AM,Rachel,Sarah,Wood,"[P7c5e, Pa4c0]"
Female,2092-10-26,02:00 AM,Jessica,,Orr,"[Pf6d4, P897b]"
Male,2090-12-17,07:37 PM,Jeremy,Tristan,Orr,"[Pf6d4, P897b]"
Female,2090-04-26,05:37 PM,Bridget,Joanne,Collins,"[Pbf1d, P6770]"
Male,2088-12-12,12:29 PM,Thomas,Brian,Lee,"[P0c9d, Pdaf5]"
Male,2095-05-13,06:25 PM,Robert,Jeffrey,Collins,"[P9adf, Pe449]"
Female,2081-08-20,02:34 PM,Tami,Jennifer,Bryan,"[Pfa7c, P0090]"
Male,2093-09-05,12:48 AM,Rickey,Matthew,Bryan,"[Pfa7c, P0090]"
Female,2080-03-27,05:48 AM,Jill,Kim,Wood,"[P3106, Pf409]"
Male,2090-12-19,03:59 PM,Jonathan,John,Martin,"[Pcaa3, P37b4]"
Female,2087-03-14,11:56 AM,Andrea,Raven,Martin,"[Pcaa3, P37b4]"
Female,2080-03-08,11:48 PM,Jacqueline,Jessica,Martin,"[Pcaa3, P37b4]"
Female,2082-08-10,05:54 AM,Brenda,Tiffany,Simmons,"[P7397, P0b7c]"
Female,2090-04-20,10:48 PM,Mary,Rebecca,Simmons,"[P7397, P0b7c]"
Female,2089-02-22,06:34 PM,Kim,Michele,Roberts,"[P376b, P12a2]"
Male,2099-08-30,04:22 AM,Steven,Daniel,Monroe,"[P310d, P3ed6]"
Female,2088-05-29,08:26 PM,Tracy,Elizabeth,Monroe,"[P310d, P3ed6]"
Female,2087-08-04,10:50 PM,Sophia,,Hensley,"[Pa889, Pb565]"
Male,2090-12-20,08:03 PM,George,Shane,Brown,"[P4778, Pd0f3]"
Male,2088-08-08,06:22 AM,Todd,Travis,Brown,"[P4778, Pd0f3]"
Female,2088-01-21,08:27 PM,Dominique,Beverly,Tate,"[Pd25d, P15d6]"
Female,2084-03-25,11:55 PM,Karen,Tamara,Tate,"[Pd25d, P15d6]"
Male,2090-12-25,03:05 PM,Daniel,,Lee,"[P8261, Pc7d5]"
Female,2095-02-22,04:34 PM,Jill,Mary,Lee,"[P8261, Pc7d5]"
Female,2092-09-23,06:37 AM,Robin,Laura,Lee,"[P8261, Pc7d5]"
Female,2090-07-15,08:34 PM,Tracie,Michelle,Griffin,"[P1da5, P0de0]"
Female,2083-05-03,05:28 AM,Katherine,,Griffin,"[P1da5, P0de0]"
Female,2116-07-29,03:56 AM,Kimberly,Kathleen,Wood,"[P5aec, Pefea]"
