full_name,home~address,gender_abbr,format_height,format_weight,eye_color,passport_num,passport_issue_date,passport_exp_date,home~country
Donald Adam Brown,"859 Williams Falls - Suite 735, South Sierraville, SD - 57485",M,"6' 1""",176 lbs,Blue, , , ,United States of America
Ricardo Vincent Campbell,"976 Johnson Street - Suite 464, Cruzmouth, ME - 04842",M,"6' 0""",178 lbs,Blue, , , ,United States of America
Adam Black,"915 Janice Forks, New Cynthiafort, ND - 58515",M,"5' 9""",156 lbs,Hazel, , , ,United States of America
Tony Joshua Peterson,"948 Klein Neck - Apt. 729, Pittmanfort, VA - 22860",M,"5' 9""",159 lbs,Brown, , , ,United States of America
Samuel Derek Davis,"74119 Susan Springs, Garciaburgh, FL - 33596",M,"6' 2""",161 lbs,Green, , , ,United States of America
Alexander Atkins,"579 Porter Turnpike, Ballardchester, ID - 83317",M,"5' 4""",155 lbs,Brown, , , ,United States of America
Sara Amy Hall,"901 Yu Well, Port Jeffrey, OH - 44716",F,"5' 4""",154 lbs,Brown, , , ,United States of America
Jeremy Gary Gilmore,"4270 Andrew Lock - Suite 165, Matthewborough, CT - 06229",M,"5' 8""",152 lbs,Brown, , , ,United States of America
James Lee,"558 Jessica Valleys, North Juliatown, MA - 02743",M,"5' 9""",163 lbs,Hazel, , , ,United States of America
Debra Alexis James,"4904 Keith Mill, Ericamouth, OK - 73040",F,"5' 1""",171 lbs,Green, , , ,United States of America
