id,title,text,_solution
M1,Example,Find my example person!,Example Solution
M2,Example,Find my example person!,Example Solution
M3,Example,Find my example person!,Example Solution
M4,Example,Find my example person!,Example Solution
M5,Example,Find my example person!,Example Solution
M6,Example,Find my example person!,Example Solution
M7,Example,Find my example person!,Example Solution
M8,Example,Find my example person!,Example Solution
M9,Example,Find my example person!,Example Solution
M10,Example,Find my example person!,Example Solution
