full_name,bank_account
Donald Adam Brown,Bank Account (971970311): $1.36
Jeffrey Alexander Anderson,Bank Account (769700757): $918.04
Stephanie Kathryn Hill,Bank Account (688945308): $3.34
Jennifer Marissa Mathis,Bank Account (557712336): $0.95
John Adams,Bank Account (534208937): $7.78
Cheryl Tamara Brown,Bank Account (225339409): $1.53
Cathy Gina Burton,Bank Account (417735859): $868.61
Brian Hill,Bank Account (923855055): $0.53
Leslie Anderson,Bank Account (797595510): $987.66
Patrick Christopher Vasquez,"Bank Account (763685504): $1,843.20"
Steven Brown,Bank Account (618458140): $0.15
Stephen Derrick Brown,Bank Account (116576126): $5.21
Terry Charles Anderson,Bank Account (885681443): $3.41
Jeremy Terry Anderson,Bank Account (119927159): $3.27
Karen Hill,Bank Account (106853836): $1.11
Christopher Christian Hill,"Bank Account (237261639): $1,786.55"
Kent Hill,Bank Account (491668927): $1.96
